prov,route,point,pointID,obs,year,visit,visitID,spcd,bef,m1,m2,m3,m4,m5,lebi,yera.nesp,vira,sora,pbgr,m10.15,after,distance,prev_point,notes
NB,28,10,NB28-10,LEB,2021,2,NB28-10-02-LEB,PBGR,0,0,0,0,0,0,0,0,0,0,A,0,V,50-100,N,
NB,28,10,NB28-10,LEB,2021,2,NB28-10-02-LEB,AMBI,0,0,0,0,0,0,0,0,0,0,0,AV,0,50-100,N,Croaking
NB,28,06,NB28-06,LEB,2021,2,NB28-06-02-LEB,VIRA,0,0,0,0,0,0,0,A,A,0,0,0,0,>100,N,
NB,28,05,NB28-05,LEB,2021,2,NB28-05-02-LEB,PBGR,0,0,0,0,0,0,0,A,0,0,0,0,0,>100,N,VERY distant!
NB,28,04,NB28-04,LEB,2021,2,NB28-04-02-LEB,AMBI,0,0,0,0,0,0,0,0,0,0,0,0,V,50-100,N,
NB,28,03,NB28-03,LEB,2021,2,NB28-03-02-LEB,VIRA,0,0,0,0,0,0,0,0,0,0,0,AV,0,>100,N,
NB,28,01,NB28-01,LEB,2021,2,NB28-01-02-LEB,VIRA,0,0,0,0,0,0,0,0,A,0,0,0,0,50-100,N,
NB,28,01,NB28-01,LEB,2021,2,NB28-01-02-LEB,SORA,0,0,0,0,0,0,0,0,0,A,0,0,A,>100,N,
NB,37,01,NB37-01,KIO,2021,1,NB37-01-01-KIO,NESP,A,A,A,A,A,A,A,A,A,A,0,A,0,50-100,N,Might be >4 total NESP
NB,37,01,NB37-01,KIO,2021,1,NB37-01-01-KIO,NESP,A,A,A,A,A,A,A,A,A,A,0,A,0,50-100,N,
NB,37,01,NB37-01,KIO,2021,1,NB37-01-01-KIO,NESP,0,0,0,0,0,A,A,A,A,A,0,A,0,<50,N,
NB,37,01,NB37-01,KIO,2021,1,NB37-01-01-KIO,NESP,0,0,0,0,0,0,0,0,0,A,0,A,0,50-100,N,Probably heard before but only now knew it was a 4th
NB,37,01,NB37-01,KIO,2021,1,NB37-01-01-KIO,WILL,0,0,0,0,0,0,0,0,0,0,A,0,0,>100,N,
NB,37,02,NB37-02,KIO,2021,1,NB37-02-01-KIO,NESP,0,0,A,0,0,0,0,0,0,0,0,0,0,<50,N,
NB,37,02,NB37-02,KIO,2021,1,NB37-02-01-KIO,NESP,0,0,0,0,A,0,A,0,0,0,A,0,A,50-100,N,
NB,37,02,NB37-02,KIO,2021,1,NB37-02-01-KIO,NESP,0,0,0,0,0,0,0,A,0,0,A,0,A,50-100,N,
NB,37,02,NB37-02,KIO,2021,1,NB37-02-01-KIO,NESP,0,0,0,0,0,0,0,0,0,A,0,0,0,50-100,N,
NB,37,03,NB37-03,KIO,2021,1,NB37-03-01-KIO,NESP,A,A,A,A,A,0,0,0,A,0,0,0,0,<50,N,
NB,37,03,NB37-03,KIO,2021,1,NB37-03-01-KIO,NESP,0,A,A,A,0,0,A,0,0,A,0,A,0,<50,N,
NB,37,04,NB37-04,KIO,2021,1,NB37-04-01-KIO,NESP,A,0,0,0,0,0,0,0,0,0,0,A,0,<50,N,
NB,37,04,NB37-04,KIO,2021,1,NB37-04-01-KIO,NESP,0,A,A,A,0,0,0,0,A,0,0,A,A,<50,N,
NB,37,04,NB37-04,KIO,2021,1,NB37-04-01-KIO,NESP,0,A,A,A,0,A,0,A,0,0,0,A,0,<50,N,Might be two
NB,37,04,NB37-04,KIO,2021,1,NB37-04-01-KIO,NESP,0,0,0,A,0,A,0,A,A,0,0,0,0,50-100,N,
NB,37,05,NB37-05,KIO,2021,1,NB37-05-01-KIO,NESP,V,A,0,0,0,A,0,0,0,0,0,A,0,<50,N,
NB,37,05,NB37-05,KIO,2021,1,NB37-05-01-KIO,NESP,0,0,A,0,0,0,0,A,0,0,0,0,0,50-100,N,
NB,37,05,NB37-05,KIO,2021,1,NB37-05-01-KIO,NESP,0,0,0,0,A,0,A,V,V,V,V,AV,V,<50,N,
NB,37,05,NB37-05,KIO,2021,1,NB37-05-01-KIO,NESP,0,0,0,0,0,A,A,0,0,A,0,A,0,<50,N,
NB,37,05,NB37-05,KIO,2021,1,NB37-05-01-KIO,NESP,0,0,0,0,0,0,0,0,0,0,A,A,0,<50,N,
NB,37,06,NB37-06,KIO,2021,1,NB37-06-01-KIO,NESP,0,A,A,A,A,A,A,0,0,0,0,0,0,<50,N,
NB,37,06,NB37-06,KIO,2021,1,NB37-06-01-KIO,NESP,0,A,A,0,A,0,0,0,0,0,0,A,0,<50,N,
NB,37,06,NB37-06,KIO,2021,1,NB37-06-01-KIO,NESP,0,0,A,0,0,0,A,A,0,0,A,0,0,<50,N,
NB,37,06,NB37-06,KIO,2021,1,NB37-06-01-KIO,NESP,0,0,0,0,0,A,0,0,0,0,0,A,0,50-100,N,
NB,37,06,NB37-06,KIO,2021,1,NB37-06-01-KIO,NESP,0,0,0,0,0,0,A,0,0,A,0,A,0,<50,N,
NB,37,07,NB37-07,KIO,2021,1,NB37-07-01-KIO,NESP,A,A,0,A,0,0,0,A,0,0,0,A,0,<50,N,
NB,37,07,NB37-07,KIO,2021,1,NB37-07-01-KIO,NESP,0,0,0,A,A,A,A,0,0,A,0,0,0,<50,N,
NB,37,07,NB37-07,KIO,2021,1,NB37-07-01-KIO,NESP,0,0,0,A,0,0,0,0,0,0,A,A,0,<50,N,
NB,37,07,NB37-07,KIO,2021,1,NB37-07-01-KIO,NESP,0,0,0,0,A,A,A,0,0,0,0,0,0,<50,N,
NB,37,07,NB37-07,KIO,2021,1,NB37-07-01-KIO,NESP,0,0,0,0,0,0,0,V,0,0,0,0,0,<50,N,
NB,37,08,NB37-08,KIO,2021,1,NB37-08-01-KIO,NESP,0,0,0,0,0,0,A,A,A,A,A,A,0,<50,N,Might be >3
NB,37,08,NB37-08,KIO,2021,1,NB37-08-01-KIO,NESP,0,0,0,0,0,0,0,A,0,0,0,A,A,50-100,N,
NB,37,08,NB37-08,KIO,2021,1,NB37-08-01-KIO,NESP,0,0,0,0,0,0,0,0,0,A,0,A,A,<50,N,
NB,37,09,NB37-09,KIO,2021,1,NB37-09-01-KIO,NESP,0,0,0,0,0,0,0,A,0,A,0,A,0,50-100,N,
NB,37,10,NB37-10,KIO,2021,1,NB37-10-01-KIO,NESP,0,A,0,0,0,A,0,0,0,0,0,0,0,<50,N,
NB,37,10,NB37-10,KIO,2021,1,NB37-10-01-KIO,NESP,0,A,0,0,0,0,0,A,0,0,0,0,0,<50,N,
NB,37,10,NB37-10,KIO,2021,1,NB37-10-01-KIO,NESP,0,0,0,0,0,0,0,0,0,A,0,A,0,<50,N,Could be one of the other 2 and just moved closer
NB,35,01,NB35-01,KIO,2021,1,NB35-01-01-KIO,PBGR,0,0,0,0,0,0,0,0,0,0,0,A,0,50-100,N,
NB,35,01,NB35-01,KIO,2021,1,NB35-01-01-KIO,SORA,0,0,0,0,0,0,0,0,0,0,0,A,0,50-100,N,
NB,35,02,NB35-02,KIO,2021,1,NB35-02-01-KIO,SORA,0,A,0,0,0,0,0,0,A,0,0,0,0,>100,Y,
NB,35,02,NB35-02,KIO,2021,1,NB35-02-01-KIO,PBGR,0,0,0,0,0,A,0,0,0,0,0,0,0,>100,Y,
NB,35,03,NB35-03,KIO,2021,1,NB35-03-01-KIO,SORA,0,0,0,0,0,0,0,A,0,0,0,0,0,50-100,N,
NB,35,03,NB35-03,KIO,2021,1,NB35-03-01-KIO,SORA,0,0,0,0,0,0,0,0,0,A ,0,0,0,<50,N,
NB,35,03,NB35-03,KIO,2021,1,NB35-03-01-KIO,VIRA,0,0,0,0,0,0,0,0,0,0,0,A,0,>100,N,
NB,35,04,NB35-04,KIO,2021,1,NB35-04-01-KIO,PBGR,0,0,A,0,0,0,0,0,0,0,0,0,0,50-100,Y,
NB,35,04,NB35-04,KIO,2021,1,NB35-04-01-KIO,PBGR,0,0,0,0,0,0,A,0,0,0,0,0,0,>100,N,
NB,35,04,NB35-04,KIO,2021,1,NB35-04-01-KIO,VIRA,0,0,0,0,0,0,0,0,A,0,0,0,0,>100,Y,
NB,35,04,NB35-04,KIO,2021,1,NB35-04-01-KIO,NESP,0,0,0,0,0,0,0,0,0,A,A,A,0,<50,N,
NB,35,04,NB35-04,KIO,2021,1,NB35-04-01-KIO,SORA,,,,,,,,,,,,,,>100,Y,Time periods not noted
NB,35,05,NB35-05,KIO,2021,1,NB35-05-01-KIO,SORA,0,0,0,0,0,0,0,A,0,0,0,0,0,>100,Y,
NB,35,05,NB35-05,KIO,2021,1,NB35-05-01-KIO,NESP,0,0,0,0,0,0,0,0,0,A,0,0,0,<50,N,
NB,35,05,NB35-05,KIO,2021,1,NB35-05-01-KIO,NESP,0,0,0,0,0,0,0,0,0,0,A,0,0,50-100,Y,Assume it's the same individual as earlier
NB,35,06,NB35-06,KIO,2021,1,NB35-06-01-KIO,NESP,A,A,A,A,AV,AV,A,0,AV,AV,AV,AV,0,<50,N,
NB,35,06,NB35-06,KIO,2021,1,NB35-06-01-KIO,NESP,A,A,A,A,0,0,0,0,0,0,0,0,0,<50,N,
NB,35,06,NB35-06,KIO,2021,1,NB35-06-01-KIO,NESP,0,0,0,A,A,0,0,0,A,A,0,A,0,<50,N,
NB,35,07,NB35-07,KIO,2021,1,NB35-07-01-KIO,PBGR,0,0,A,0,0,0,0,0,0,0,0,A,0,50-100,N,
NB,38,07,NB38-07,LMA,2021,2,NB38-07-02-LMA,VIRA,0,0,0,0,0,0,0,0,A,0,A,0,0,<50,N,
NB,38,06,NB38-06,LMA,2021,2,NB38-06-02-LMA,VIRA,0,0,0,0,0,0,0,0,A,0,A,A,0,<50,N,
NB,38,06,NB38-06,LMA,2021,2,NB38-06-02-LMA,AMBI,0,0,0,0,0,0,0,0,V,0,0,0,0,>100,Y,Flying
NB,38,06,NB38-06,LMA,2021,2,NB38-06-02-LMA,VIRA,0,0,0,0,0,0,0,0,0,A,0,0,0,50-100,Y,
NB,38,06,NB38-06,LMA,2021,2,NB38-06-02-LMA,PBGR,0,0,0,0,0,0,0,0,0,A,0,0,0,50-100,Y,
NB,38,05,NB38-05,LMA,2021,2,NB38-05-02-LMA,AMBI,AV,0,0,0,0,0,0,0,0,0,0,0,0,<50,N,
NB,38,05,NB38-05,LMA,2021,2,NB38-05-02-LMA,AMBI,A,0,0,0,0,0,0,0,0,0,0,0,0,<50,N,
NB,38,03,NB38-03,LMA,2021,2,NB38-03-02-LMA,NESP,0,0,0,0,0,0,0,0,0,0,0,A,0,>100,N,
NB,38,02,NB38-02,LMA,2021,2,NB38-02-02-LMA,PBGR,0,0,A,0,0,0,0,0,0,0,AV,AV,AV,<50,N,Small calls
NB,38,02,NB38-02,LMA,2021,2,NB38-02-02-LMA,PBGR,0,0,0,0,0,0,0,0,0,0,V,V,V,<50,N,juvenile
NB,38,02,NB38-02,LMA,2021,2,NB38-02-02-LMA,PBGR,0,0,0,0,0,0,0,0,0,0,V,V,V,<50,N,juvenile
NB,38,02,NB38-02,LMA,2021,2,NB38-02-02-LMA,PBGR,0,0,0,0,0,0,0,0,0,0,V,V,V,<50,N,juvenile
NB,38,01,NB38-01,LMA,2021,2,NB38-01-02-LMA,SORA,0,0,0,0,0,0,0,0,0,A,0,0,0,>100,N,
NB,38,01,NB38-01,LMA,2021,2,NB38-01-02-LMA,VIRA,0,0,0,0,0,0,0,0,0,0,0,A,0,>100,N,
NB,35,01,NB35-01,LEB,2021,2,NB35-01-02-LEB,SORA,0,0,0,0,0,0,0,0,A,A,0,0,0,<50,N,
NB,35,02,NB35-02,LEB,2021,2,NB35-02-02-LEB,SORA,0,0,0,0,0,0,A,0,0,0,0,0,0,>100,N,
NB,35,03,NB35-03,LEB,2021,2,NB35-03-02-LEB,SORA,0,0,0,0,0,0,0,0,0,0,A,AV,0,<50,N,
NB,35,04,NB35-04,LEB,2021,2,NB35-04-02-LEB,NESP,A,A,0,0,0,A,0,0,0,0,0,0,A,50-100,N,
NB,35,04,NB35-04,LEB,2021,2,NB35-04-02-LEB,MAWR,A,A,A,A,A,0,0,0,0,0,0,0,A,50-100,N,
NB,35,04,NB35-04,LEB,2021,2,NB35-04-02-LEB,MAWR,0,A,A,A,A,0,0,0,0,0,0,0,A,<50,N,
NB,35,04,NB35-04,LEB,2021,2,NB35-04-02-LEB,SORA,A,0,0,0,A,0,0,0,0,0,0,0,0,>100,Y,
NB,35,04,NB35-04,LEB,2021,2,NB35-04-02-LEB,VIRA,0,0,0,0,A,A,0,0,A,0,0,0,0,50-100,N,
NB,35,04,NB35-04,LEB,2021,2,NB35-04-02-LEB,NESP,0,0,0,0,A,A,0,0,0,0,0,0,0,50-100,N,
NB,35,04,NB35-04,LEB,2021,2,NB35-04-02-LEB,NESP,A,0,0,0,0,0,0,A,V,V,0,0,V,<50,N,Approached during playback
NB,35,04,NB35-04,LEB,2021,2,NB35-04-02-LEB,SORA,0,0,0,0,0,0,0,0,0,A,0,0,0,<50,N,
NB,35,04,NB35-04,LEB,2021,2,NB35-04-02-LEB,VIRA,0,0,0,0,0,0,0,0,0,A,0,0,0,50-100,N,
NB,35,04,NB35-04,LEB,2021,2,NB35-04-02-LEB,NESP,0,0,0,0,0,0,0,0,0,0,0,V,A,<50,N,
NB,35,05,NB35-05,LEB,2021,2,NB35-05-02-LEB,PBGR,V,0,0,0,0,0,V,V,0,V,V,0,0,<50,N,
NB,35,05,NB35-05,LEB,2021,2,NB35-05-02-LEB,NESP,0,0,0,0,0,0,0,0,0,AV,0,0,0,<50,N,
NB,35,05,NB35-05,LEB,2021,2,NB35-05-02-LEB,NESP,0,0,0,0,0,0,0,0,0,0,0,A,0,50-100,N,
NB,35,06,NB35-06,LEB,2021,2,NB35-06-02-LEB,NESP,A,A,A,A,A,A,A,A,0,A,0,A,A,50-100,N,
NB,35,06,NB35-06,LEB,2021,2,NB35-06-02-LEB,NESP,0,0,0,0,A,A,0,A,0,A,0,A,0,50-100,N,
NB,35,06,NB35-06,LEB,2021,2,NB35-06-02-LEB,NESP,0,0,0,0,A,A,V,V,0,A,AV,AV,A,<50,N,
NB,35,06,NB35-06,LEB,2021,2,NB35-06-02-LEB,NESP,0,0,0,0,0,0,A,A,A,A,A,A,A,50-100,N,
NB,35,06,NB35-06,LEB,2021,2,NB35-06-02-LEB,NESP,0,0,0,0,0,0,0,0,0,AV,AV,AV,A,<50,N,
NB,35,06,NB35-06,LEB,2021,2,NB35-06-02-LEB,NESP,0,0,0,0,0,0,0,0,0,0,0,0,A,<50,N,
NB,35,07,NB35-07,LEB,2021,2,NB35-07-02-LEB,NESP,A,A,0,0,A,A,AV,0,0,0,0,A,0,50-100,N,
NB,35,07,NB35-07,LEB,2021,2,NB35-07-02-LEB,SORA,0,A,0,0,0,0,0,0,0,0,0,0,0,>100,N,
NB,35,07,NB35-07,LEB,2021,2,NB35-07-02-LEB,NESP,0,0,0,0,0,0,0,V,0,0,0,AV,A,<50,N,Approached during playback
NB,35,07,NB35-07,LEB,2021,2,NB35-07-02-LEB,PBGR,0,0,0,0,0,0,0,0,0,0,0,0,A,50-100,N,
NB,37,01,NB37-01,LMA,2021,2,NB37-01-02-LMA,NESP,A,A,0,A,0,0,0,AV,AV,AV,AV,0,0,<50,N,Approached during playback
NB,37,02,NB37-02,LMA,2021,2,NB37-02-02-LMA,NESP,V,0,0,0,0,0,0,0,0,AV,A,A,0,<50,N,Display flight and very quiet calls
NB,37,02,NB37-02,LMA,2021,2,NB37-02-02-LMA,NESP,0,0,0,0,0,A,0,0,0,V,V,0,0,<50,N,
NB,37,02,NB37-02,LMA,2021,2,NB37-02-02-LMA,NESP,0,0,0,0,0,0,0,0,0,0,0,A,0,50-100,N,
NB,37,03,NB37-03,LMA,2021,2,NB37-03-02-LMA,NESP,0,0,0,A,A,0,V,V,0,0,A,AV,0,<50,N,Approached during playback
NB,37,03,NB37-03,LMA,2021,2,NB37-03-02-LMA,NESP,0,0,0,0,0,0,V,V,0,0,A,AV,0,<50,N,Approached during playback
NB,37,03,NB37-03,LMA,2021,2,NB37-03-02-LMA,NESP,0,0,0,0,0,0,V,0,A,0,A,AV,0,<50,N,
NB,37,03,NB37-03,LMA,2021,2,NB37-03-02-LMA,NESP,0,0,0,0,0,0,V,0,0,0,0,0,0,<50,N,
NB,37,04,NB37-04,LMA,2021,2,NB37-04-02-LMA,NESP,A,A,A,A,0,0,0,V,V,A,A,A,A,<50,N,"Approached during playback. First two NESP flying together most of the survey, one (or both?) regularly displaying"
NB,37,04,NB37-04,LMA,2021,2,NB37-04-02-LMA,NESP,0,0,0,AV,0,0,0,0,V,AV,AV,AV,AV,<50,N,Approached during playback
NB,37,04,NB37-04,LMA,2021,2,NB37-04-02-LMA,NESP,0,0,0,A,0,0,0,0,0,A,0,A,0,50-100,N,
NB,37,05,NB37-05,LMA,2021,2,NB37-05-02-LMA,NESP,0,0,0,0,0,0,A,V,V,V,V,A,A,<50,N,Approached during playback
NB,37,05,NB37-05,LMA,2021,2,NB37-05-02-LMA,NESP,0,0,0,0,0,0,0,V,V,V,V,0,0,<50,N,
NB,37,05,NB37-05,LMA,2021,2,NB37-05-02-LMA,NESP,0,0,0,0,0,0,0,0,0,0,0,A,0,<50,N,
NB,37,06,NB37-06,LMA,2021,2,NB37-06-02-LMA,NESP,A,0,A,0,0,A,V,V,AV,,,V,V,<50,N,Approached during playback. Speaker issues during SORA and PBGR playback
NB,37,06,NB37-06,LMA,2021,2,NB37-06-02-LMA,NESP,A,0,A,A,0,A,A,AV,0,,,AV,AV,<50,N,Approached during playback. Speaker issues during SORA and PBGR playback
NB,37,06,NB37-06,LMA,2021,2,NB37-06-02-LMA,NESP,V,V,AV,AV,V,AV,A,AV,AV,,,V,A,<50,N,Approached during playback. Speaker issues during SORA and PBGR playback
NB,37,06,NB37-06,LMA,2021,2,NB37-06-02-LMA,NESP,V,V,0,0,0,AV,A,V,A,,,AV,A,<50,N,Approached during playback. Speaker issues during SORA and PBGR playback
NB,37,06,NB37-06,LMA,2021,2,NB37-06-02-LMA,NESP,0,0,0,0,0,V,0,V,V,,,V,0,<50,N,Speaker issues during SORA and PBGR playback
NB,37,07,NB37-07,LMA,2021,2,NB37-07-02-LMA,NESP,A,0,0,0,A,0,0,AV,A,A,0,0,0,<50,N,Display during playback
NB,37,07,NB37-07,LMA,2021,2,NB37-07-02-LMA,NESP,0,0,0,0,0,0,0,0,0,A,A,A,0,50-100,N,
NB,37,08,NB37-08,LMA,2021,2,NB37-08-02-LMA,NESP,A,AV,AV,A,0,0,0,V,V,A,V,AV,A,<50,Y,Approached during playback
NB,37,08,NB37-08,LMA,2021,2,NB37-08-02-LMA,NESP,0,0,A,0,0,0,0,A,A,A,0,0,0,50-100,N,
NB,37,08,NB37-08,LMA,2021,2,NB37-08-02-LMA,NESP,0,0,0,0,0,0,0,0,V,0,0,0,0,<50,N,
NB,37,08,NB37-08,LMA,2021,2,NB37-08-02-LMA,NESP,0,0,0,0,0,0,0,V,0,V,0,A,A,<50,N,
NB,37,08,NB37-08,LMA,2021,2,NB37-08-02-LMA,NESP,0,0,0,0,0,0,0,V,0,0,0,0,0,<50,N,
NB,37,09,NB37-09,LMA,2021,2,NB37-09-02-LMA,NESP,0,0,0,A,0,0,0,0,0,0,A,A,0,50-100,N,
NB,37,10,NB37-10,LMA,2021,2,NB37-10-02-LMA,NESP,0,A,0,A,A,A,A,A,A,A,A,A,0,<50,N,
NB,37,10,NB37-10,LMA,2021,2,NB37-10-02-LMA,NESP,0,0,0,0,0,0,A,A,0,A,0,A,A,50-100,N,
NB,37,10,NB37-10,LMA,2021,2,NB37-10-02-LMA,NESP,0,0,0,0,0,0,A,0,0,0,0,A,0,<50,N,
NB,51,01,NB51-01,SBO,2021,1,NB51-01-01-SBO,MAWR,A,A,A,A,A,A,A,A,A,A,A,A,A,<50,N,
NB,51,01,NB51-01,SBO,2021,1,NB51-01-01-SBO,PBGR,0,A,0,0,0,0,0,0,0,A,A,0,0,50-100,N,
NB,51,01,NB51-01,SBO,2021,1,NB51-01-01-SBO,MAWR,0,0,0,0,0,A,0,0,0,A,0,0,0,<50,N,
NB,51,01,NB51-01,SBO,2021,1,NB51-01-01-SBO,AMBI,0,0,0,0,0,0,0,0,0,0,0,0,A,50-100,N,
NB,51,02,NB51-02,SBO,2021,1,NB51-02-01-SBO,MAWR,A,A,A,A,A,V,A,A,A,A,A,A,A,<50,Y,
NB,51,02,NB51-02,SBO,2021,1,NB51-02-01-SBO,MAWR,A,A,0,A,A,A,A,A,A,A,A,A,A,<50,Y,
NB,51,02,NB51-02,SBO,2021,1,NB51-02-01-SBO,AMBI,A,0,0,0,0,0,0,0,0,0,0,0,0,50-100,Y,
NB,51,02,NB51-02,SBO,2021,1,NB51-02-01-SBO,MAWR,0,0,A,A,A,A,A,A,A,A,A,A,A,50-100,N,
NB,51,02,NB51-02,SBO,2021,1,NB51-02-01-SBO,SORA,0,0,0,0,0,0,0,0,A,A,0,0,0,50-100,N,
NB,51,02,NB51-02,SBO,2021,1,NB51-02-01-SBO,VIRA,0,0,0,0,0,0,0,0,A,0,A,0,0,>100,N,
NB,51,03,NB51-03,SBO,2021,1,NB51-03-01-SBO,MAWR,AV,0,A,V,V,A,0,A,0,0,0,A,0,<50,N,
NB,51,03,NB51-03,SBO,2021,1,NB51-03-01-SBO,MAWR,0,0,A,V,A,A,0,A,A,A,0,A,0,50-100,N,
NB,51,03,NB51-03,SBO,2021,1,NB51-03-01-SBO,MAWR,0,0,A,A,A,A,0,A,A,A,0,A,0,50-100,N,
NB,51,03,NB51-03,SBO,2021,1,NB51-03-01-SBO,AMBI,0,0,0,0,0,0,V,0,0,0,0,0,0,>100,Y,Flying
NB,51,03,NB51-03,SBO,2021,1,NB51-03-01-SBO,SORA,0,0,0,0,0,0,0,A,0,0,0,0,0,50-100,Y,
NB,51,03,NB51-03,SBO,2021,1,NB51-03-01-SBO,AMBI,0,0,0,0,0,0,0,0,0,A,0,0,0,>100,Y,
NB,51,03,NB51-03,SBO,2021,1,NB51-03-01-SBO,MAWR,0,0,0,0,0,0,0,0,0,0,0,A,0,50-100,N,
NB,51,03,NB51-03,SBO,2021,1,NB51-03-01-SBO,MAWR,0,0,0,0,A,A,A,A,A,A,A,V,0,>100,N,
NB,51,03,NB51-03,SBO,2021,1,NB51-03-01-SBO,MAWR,0,0,0,0,A,A,A,A,A,A,A,V,0,>100,N,
NB,51,03,NB51-03,SBO,2021,1,NB51-03-01-SBO,MAWR,0,0,0,0,A,A,A,A,A,A,A,V,0,>100,N,
NB,51,04,NB51-04,SBO,2021,1,NB51-04-01-SBO,MAWR,V,A,0,0,0,0,0,0,0,0,A,A,0,<50,N,
NB,51,04,NB51-04,SBO,2021,1,NB51-04-01-SBO,MAWR,0,A,0,0,0,0,0,0,0,0,A,A,0,<50,N,
NB,51,04,NB51-04,SBO,2021,1,NB51-04-01-SBO,MAWR,0,0,0,A,A,A,A,A,V,A,A,A,0,<50,N,
NB,51,04,NB51-04,SBO,2021,1,NB51-04-01-SBO,MAWR,0,0,0,0,0,0,0,0,0,0,A,A,0,>100,N,
NB,51,04,NB51-04,SBO,2021,1,NB51-04-01-SBO,SORA,0,0,0,0,0,0,0,0,0,0,0,A,0,>100,Y,
NB,51,04,NB51-04,SBO,2021,1,NB51-04-01-SBO,VIRA,0,0,0,0,0,0,0,0,0,0,0,A,0,50-100,N,
NB,51,05,NB51-05,SBO,2021,1,NB51-05-01-SBO,MAWR,0,A,0,0,0,A,A,A,A,A,0,A,0,<50,N,Prev point not noted; assuming N based on distances
NB,51,05,NB51-05,SBO,2021,1,NB51-05-01-SBO,MAWR,0,A,0,0,0,0,A,A,0,A,0,A,0,50-100,NA,Prev point not noted
NB,51,05,NB51-05,SBO,2021,1,NB51-05-01-SBO,MAWR,0,A,A,0,0,0,A,A,0,A,A,A,0,<50,N,Prev point not noted; assuming N based on distances
NB,51,05,NB51-05,SBO,2021,1,NB51-05-01-SBO,MAWR,0,0,0,0,0,0,0,0,A,0,0,A,0,<50,N,Prev point not noted; assuming N based on distances
NB,51,05,NB51-05,SBO,2021,1,NB51-05-01-SBO,AMBI,0,0,0,0,0,0,0,0,0,0,0,A,0,50-100,Y,
NB,51,05,NB51-05,SBO,2021,1,NB51-05-01-SBO,VIRA,0,0,0,0,0,0,0,0,0,0,0,A,0,50-100,Y,
NB,51,01,NB51-01,SBO,2021,2,NB51-01-02-SBO,MAWR,A,A,A,A,A,A,0,0,0,A,0,A,0,<50,Y,"Before/after columns not separated; assuming all noted are ""before"""
NB,51,01,NB51-01,SBO,2021,2,NB51-01-02-SBO,PBGR,A,0,0,0,0,0,0,0,0,0,0,0,0,>100,Y,
NB,51,01,NB51-01,SBO,2021,2,NB51-01-02-SBO,MAWR,0,A,0,0,0,0,A,0,0,0,0,0,0,<50,N,
NB,51,02,NB51-02,SBO,2021,2,NB51-02-02-SBO,MAWR,0,A,A,A,A,A,0,0,0,0,0,0,0,<50,Y,
NB,51,02,NB51-02,SBO,2021,2,NB51-02-02-SBO,MAWR,0,V,A,A,V,A,A,0,0,A,A,A,0,<50,N,
NB,51,02,NB51-02,SBO,2021,2,NB51-02-02-SBO,MAWR,0,A,A,A,A,A,A,V,V,A,A,A,0,<50,Y,
NB,51,02,NB51-02,SBO,2021,2,NB51-02-02-SBO,LEBI,0,0,0,0,0,A,A,A,A,A,A,A,0,<50,N,
NB,51,02,NB51-02,SBO,2021,2,NB51-02-02-SBO,MAWR,0,0,0,0,0,0,0,0,0,0,0,V,0,50-100,N,
NB,51,03,NB51-03,SBO,2021,2,NB51-03-02-SBO,MAWR,0,A,A,0,A,0,0,A,0,A,0,0,0,50-100,N,
NB,51,03,NB51-03,SBO,2021,2,NB51-03-02-SBO,MAWR,0,A,A,0,A,0,A,0,0,0,0,A,0,<50,N,
NB,51,03,NB51-03,SBO,2021,2,NB51-03-02-SBO,MAWR,0,A,A,V,A,0,A,A,A,A,A,A,0,<50,N,
NB,51,03,NB51-03,SBO,2021,2,NB51-03-02-SBO,PBGR,0,0,0,0,0,V,V,0,0,0,V,0,0,<50,N,Flew over
NB,51,04,NB51-04,SBO,2021,2,NB51-04-02-SBO,MAWR,0,A,0,0,0,A,V,A,A,A,A,0,0,<50,N,
NB,51,04,NB51-04,SBO,2021,2,NB51-04-02-SBO,MAWR,0,A,0,0,V,A,V,A,A,A,A,0,0,<50,N,
NB,51,04,NB51-04,SBO,2021,2,NB51-04-02-SBO,MAWR,V,A,0,0,0,0,0,0,0,0,0,0,0,<50,N,"Before/after columns not separated; assuming all noted are ""before"""
NB,51,04,NB51-04,SBO,2021,2,NB51-04-02-SBO,MAWR,V,0,0,0,0,0,0,0,0,0,0,0,0,<50,N,"Before/after columns not separated; assuming all noted are ""before"""
NB,51,04,NB51-04,SBO,2021,2,NB51-04-02-SBO,MAWR,0,0,A,A,A,A,A,0,0,0,0,0,0,50-100,N,
NB,51,05,NB51-05,SBO,2021,2,NB51-05-02-SBO,MAWR,0,A,0,0,A,V,0,0,0,V,0,0,0,<50,N,Carrying food
NB,51,05,NB51-05,SBO,2021,2,NB51-05-02-SBO,MAWR,0,0,0,0,0,V,0,0,0,V,0,0,0,<50,N,
NS,03,01,NS03-01,ZAW,2021,1,NS03-01-01-ZAW,VIRA,0,0,0,A,0,0,0,A,A,0,0,A,0,50-100,N,
NS,03,01,NS03-01,ZAW,2021,1,NS03-01-01-ZAW,MAWR,0,0,0,A,0,0,A,A,0,0,A,A,0,<50,N,
NS,03,01,NS03-01,ZAW,2021,1,NS03-01-01-ZAW,PBGR,0,0,0,0,0,0,A,0,0,0,0,0,0,>100,N,
NS,03,01,NS03-01,ZAW,2021,1,NS03-01-01-ZAW,SORA,0,0,0,0,0,0,0,0,A,A,A,0,0,50-100,N,
NS,03,01,NS03-01,ZAW,2021,1,NS03-01-01-ZAW,SORA,0,0,0,0,0,0,0,0,0,A,0,0,A,>100,N,
NS,03,01,NS03-01,ZAW,2021,1,NS03-01-01-ZAW,VIRA,0,0,0,0,0,0,0,0,0,0,0,A,0,50-100,N,
NS,03,01,NS03-01,ZAW,2021,1,NS03-01-01-ZAW,SORA,0,0,0,0,0,0,0,0,0,0,0,0,A,>100,N,
NS,03,02,NS03-02,ZAW,2021,1,NS03-02-01-ZAW,PBGR,A,0,0,0,0,0,0,0,0,A,0,0,0,>100,Y,
NS,03,02,NS03-02,ZAW,2021,1,NS03-02-01-ZAW,SORA,0,0,0,0,0,0,0,0,0,A,0,0,0,<50,N,
NS,03,02,NS03-02,ZAW,2021,1,NS03-02-01-ZAW,AMBI,0,0,0,0,0,0,0,0,0,0,A,0,0,>100,N,
NS,03,02,NS03-02,ZAW,2021,1,NS03-02-01-ZAW,SORA,0,0,0,0,0,0,0,0,0,0,0,A,0,>100,N,
NS,03,03,NS03-03,ZAW,2021,1,NS03-03-01-ZAW,SORA,A,A,A,A,0,0,0,0,0,A,0,A,0,50-100,N,
NS,03,03,NS03-03,ZAW,2021,1,NS03-03-01-ZAW,VIRA,0,A,0,0,A,0,0,0,A,0,0,0,0,50-100,N,
NS,03,03,NS03-03,ZAW,2021,1,NS03-03-01-ZAW,PBGR,0,0,0,A,0,0,0,0,0,0,0,0,0,>100,N,
NS,03,03,NS03-03,ZAW,2021,1,NS03-03-01-ZAW,VIRA,0,0,0,0,0,0,0,0,A,0,0,A,0,50-100,N,
NS,03,03,NS03-03,ZAW,2021,1,NS03-03-01-ZAW,MAWR,0,0,0,0,0,0,0,0,0,0,0,A,0,50-100,N,
NS,03,04,NS03-04,ZAW,2021,1,NS03-04-01-ZAW,PBGR,0,0,0,0,0,A,0,0,0,A,0,0,0,>100,N,
NS,03,04,NS03-04,ZAW,2021,1,NS03-04-01-ZAW,SORA,0,0,0,0,0,0,0,V,0,0,0,0,0,>100,Y,
NS,03,05,NS03-05,ZAW,2021,1,NS03-05-01-ZAW,SORA,0,0,0,0,0,A,0,0,0,0,0,A,0,>100,Y,
NS,03,05,NS03-05,ZAW,2021,1,NS03-05-01-ZAW,SORA,0,0,0,0,0,0,0,0,0,A,0,0,0,<50,N,
NS,03,05,NS03-05,ZAW,2021,1,NS03-05-01-ZAW,AMBI,0,0,0,0,0,0,0,0,0,0,A,0,0,>100,N,
NS,03,06,NS03-06,ZAW,2021,1,NS03-06-01-ZAW,PBGR,V,0,0,0,0,0,0,0,0,0,0,0,0,<50,N,
NS,03,06,NS03-06,ZAW,2021,1,NS03-06-01-ZAW,SORA,A,A,0,0,A,0,0,0,0,0,0,0,0,50-100,Y,
NS,03,06,NS03-06,ZAW,2021,1,NS03-06-01-ZAW,MAWR,0,A,A,A,A,A,A,A,A,A,A,A,0,<50,N,Turf battle!
NS,03,06,NS03-06,ZAW,2021,1,NS03-06-01-ZAW,MAWR,0,0,V,V,A,A,A,A,A,0,0,A,0,<50,N,Turf battle!
NS,03,06,NS03-06,ZAW,2021,1,NS03-06-01-ZAW,SORA,0,0,0,0,A,0,A,0,0,A,0,A,0,<50,N,
NS,03,06,NS03-06,ZAW,2021,1,NS03-06-01-ZAW,SORA,0,0,0,0,0,A,0,0,0,A,0,0,0,<50,N,
NS,03,06,NS03-06,ZAW,2021,1,NS03-06-01-ZAW,VIRA,0,0,0,0,0,0,0,0,A,0,0,A,0,50-100,N,
NS,03,06,NS03-06,ZAW,2021,1,NS03-06-01-ZAW,SORA,0,0,0,0,0,0,0,0,0,0,0,A,0,>100,N,
NS,03,07,NS03-07,ZAW,2021,1,NS03-07-01-ZAW,SORA,0,0,A,0,0,0,0,A,0,A,0,0,0,>100,Y,
NS,03,07,NS03-07,ZAW,2021,1,NS03-07-01-ZAW,MAWR,0,0,0,0,A,0,0,0,0,A,0,0,0,50-100,Y,
NS,03,07,NS03-07,ZAW,2021,1,NS03-07-01-ZAW,VIRA,0,0,0,0,0,0,0,0,A,0,0,0,0,50-100,N,
NS,03,07,NS03-07,ZAW,2021,1,NS03-07-01-ZAW,VIRA,0,0,0,0,0,0,0,0,0,0,0,AV,0,<50,N,Only few feet away
NS,03,08,NS03-08,ZAW,2021,1,NS03-08-01-ZAW,VIRA,0,0,0,0,0,0,0,0,A,0,0,0,0,<50,N,
NS,03,08,NS03-08,ZAW,2021,1,NS03-08-01-ZAW,VIRA,0,0,0,0,0,0,0,0,0,0,A,A,0,>100,N,
NS,03,09,NS03-09,ZAW,2021,1,NS03-09-01-ZAW,VIRA,A,0,0,0,0,0,0,0,0,0,0,0,0,<50,N,
NS,03,09,NS03-09,ZAW,2021,1,NS03-09-01-ZAW,MAWR,0,0,0,0,A,0,0,0,0,0,0,A,A,50-100,N,
NS,03,09,NS03-09,ZAW,2021,1,NS03-09-01-ZAW,MAWR,0,0,0,0,A,0,A,0,0,0,0,A,A,<50,N,
NS,03,09,NS03-09,ZAW,2021,1,NS03-09-01-ZAW,VIRA,0,0,0,0,0,0,0,0,0,0,0,A,0,50-100,N,
NS,03,09,NS03-09,ZAW,2021,1,NS03-09-01-ZAW,SORA,0,0,0,0,0,0,0,0,0,0,0,A,0,50-100,N,
NS,03,10,NS03-10,ZAW,2021,1,NS03-10-01-ZAW,NESP,0,0,0,0,0,0,0,0,0,0,0,0,A,NA,N,Heard while walking to car
NS,03,10,NS03-10,ZAW,2021,1,NS03-10-01-ZAW,AMBI,0,0,0,0,0,0,0,0,0,0,0,0,A,NA,NA,Previous point not noted. Flushed while walking to car
NS,03,01,NS03-01,ZAW,2021,1,NS03-01-01-ZAW,SORA,0,A,0,0,0,0,0,0,0,A,0,0,0,50-100,N,
NS,03,01,NS03-01,ZAW,2021,2,NS03-01-02-ZAW,MAWR,0,0,0,0,0,0,A,0,0,0,0,A,0,50-100,N,
NS,03,01,NS03-01,ZAW,2021,2,NS03-01-02-ZAW,MAWR,0,0,0,0,0,0,0,A,A,0,0,A,A,50-100,N,
NS,03,02,NS03-02,ZAW,2021,2,NS03-02-02-ZAW,SORA,0,A,0,0,0,0,0,0,0,0,0,0,A,>100,N,
NS,03,03,NS03-03,ZAW,2021,2,NS03-03-02-ZAW,SORA,0,0,0,0,A,0,0,0,0,0,0,0,0,50-100,N,
NS,03,03,NS03-03,ZAW,2021,2,NS03-03-02-ZAW,SORA,0,0,0,0,0,A,0,0,0,0,0,0,0,>100,N,
NS,03,04,NS03-04,ZAW,2021,2,NS03-04-02-ZAW,PBGR,A,0,0,0,0,A,0,0,0,0,0,0,0,>100,N,
NS,03,04,NS03-04,ZAW,2021,2,NS03-04-02-ZAW,PBGR,0,0,0,0,0,0,0,0,0,0,0,V,0,>100,N,Pair
NS,03,04,NS03-04,ZAW,2021,2,NS03-04-02-ZAW,PBGR,0,0,0,0,0,0,0,0,0,0,0,V,0,>100,N,Pair
NS,03,05,NS03-05,ZAW,2021,2,NS03-05-02-ZAW,SORA,0,0,0,0,0,0,0,0,0,A,0,0,0,>100,N,
NS,03,06,NS03-06,ZAW,2021,2,NS03-06-02-ZAW,VIRA,0,0,0,0,0,0,0,0,A,0,0,0,0,<50,So close!,
NS,03,06,NS03-06,ZAW,2021,2,NS03-06-02-ZAW,VIRA,0,0,0,0,0,0,0,0,A,0,0,A,0,50-100,N,
NS,03,06,NS03-06,ZAW,2021,2,NS03-06-02-ZAW,VIRA,0,0,0,0,0,0,0,0,0,0,0,A,0,<50,N,
NS,03,07,NS03-07,ZAW,2021,2,NS03-07-02-ZAW,VIRA,0,0,0,0,0,0,0,0,0,0,0,A,0,<50,N,"Prev point not noted, assumed no"
NS,03,08,NS03-08,ZAW,2021,2,NS03-08-02-ZAW,MAWR,0,0,0,0,0,0,A,0,0,0,0,0,0,<50,N,
NS,03,08,NS03-08,ZAW,2021,2,NS03-08-02-ZAW,VIRA,0,0,0,0,0,0,0,0,A,0,0,0,0,50-100,NA,Prev point not noted
NS,03,08,NS03-08,ZAW,2021,2,NS03-08-02-ZAW,SORA,0,0,0,0,0,0,0,0,0,0,AV,0,0,<50,N,
NS,03,08,NS03-08,ZAW,2021,2,NS03-08-02-ZAW,PBGR,0,0,0,0,0,0,0,0,0,0,0,0,V,NA,N,Did not indicate distance
NS,03,09,NS03-09,ZAW,2021,2,NS03-09-02-ZAW,MAWR,0,0,A,A,A,A,0,0,0,0,0,A,0,50-100,N,
NS,03,09,NS03-09,ZAW,2021,2,NS03-09-02-ZAW,VIRA,0,0,0,0,0,0,0,0,A,0,0,0,0,>100,N,
NS,03,09,NS03-09,ZAW,2021,2,NS03-09-02-ZAW,AMBI,0,0,0,0,0,0,0,0,0,0,0,V,0,50-100,N,"Previous point not noted, assuming no based on previous data"
NB,55,01,NB55-01,MAH,2021,1,NB55-01-01-MAH,NESP,0,0,0,0,0,A,A,V,A,0,A,A,V,<50,N,
NB,55,01,NB55-01,MAH,2021,1,NB55-01-01-MAH,NESP,0,0,0,0,0,A,0,0,0,A,0,0,0,<50,N,
NB,55,01,NB55-01,MAH,2021,1,NB55-01-01-MAH,NESP,0,0,0,0,0,0,0,0,0,0,A,0,0,<50,N,
NB,55,02,NB55-02,MAH,2021,1,NB55-02-01-MAH,NESP,A,A,A,A,A,A,V,A,A,A,A,A,A,50-100,N,
NB,55,02,NB55-02,MAH,2021,1,NB55-02-01-MAH,NESP,0,0,A,A,A,A,0,0,0,0,0,0,0,>100,Y,
NB,55,02,NB55-02,MAH,2021,1,NB55-02-01-MAH,MAWR,0,0,0,0,0,A,0,0,0,0,0,0,0,50-100,N,"Distance note noted, but estimated from point count"
NB,55,03,NB55-03,MAH,2021,1,NB55-03-01-MAH,NESP,A,A,0,A,A,A,A,A,A,A,A,V,A,<50,N,
NB,55,03,NB55-03,MAH,2021,1,NB55-03-01-MAH,NESP,0,0,A,A,A,A,0,0,0,0,A,V,0,50-100,N,
NB,55,03,NB55-03,MAH,2021,1,NB55-03-01-MAH,NESP,0,0,0,0,A,A,A,A,0,0,0,A,A,<50,N,"Distance note noted, but estimated from point count"
NB,55,03,NB55-03,MAH,2021,1,NB55-03-01-MAH,NESP,0,0,0,0,0,0,0,0,0,0,0,A,0,>100,Y,"Distance note noted, but estimated from point count"
NB,55,04,NB55-04,MAH,2021,1,NB55-04-01-MAH,NESP,0,0,A,A,A,A,A,0,A,A,A,A,A,>100,Y,
NB,55,04,NB55-04,MAH,2021,1,NB55-04-01-MAH,NESP,0,0,0,A,0,A,A,V,A,A,A,A,0,>100,N,
NB,55,04,NB55-04,MAH,2021,1,NB55-04-01-MAH,MAWR,0,0,0,0,0,0,0,0,0,0,0,0,A,>100,N,"Distance note noted, but estimated from point count"
NB,55,01,NB55-01,MAH,2021,2,NB55-01-02-MAH,NESP,A,A,A,A,A,0,0,A,A,A,0,0,A,50-100,N,
NB,55,01,NB55-01,MAH,2021,2,NB55-01-02-MAH,MAWR,0,0,0,0,0,0,0,0,0,0,A,A,A,<50,N,
NB,55,02,NB55-02,MAH,2021,2,NB55-02-02-MAH,NESP,A,A,0,0,0,A,A,A,A,A,A,A,A,50-100,N,
NB,55,02,NB55-02,MAH,2021,2,NB55-02-02-MAH,NESP,0,0,0,0,0,A,0,0,A,A,0,0,0,<50,N,
NB,55,03,NB55-03,MAH,2021,2,NB55-03-02-MAH,NESP,A,A,A,0,0,A,A,A,A,0,A,A,0,<50,N,
NB,55,03,NB55-03,MAH,2021,2,NB55-03-02-MAH,NESP,0,0,0,A,A,A,0,0,0,A,A,A,A,50-100,N,
NB,55,04,NB55-04,MAH,2021,2,NB55-04-02-MAH,NESP,A,0,0,A,A,A,A,A,A,A,A,A,A,50-100,N,
NB,55,04,NB55-04,MAH,2021,2,NB55-04-02-MAH,NESP,0,0,0,0,A,0,A,A,0,0,A,A,A,>100,N,
NB,55,04,NB55-04,MAH,2021,2,NB55-04-02-MAH,NESP,0,0,0,0,A,A,A,0,A,A,A,A,A,>100,N,
NB,57,04,NB57-04,LON,2021,1,NB57-04-01-LON,PBGR,A,0,A,0,0,0,0,0,0,0,0,A,0,50-100,N,
NB,57,04,NB57-04,LON,2021,1,NB57-04-01-LON,SORA,0,0,A,0,0,0,0,0,0,0,0,0,0,50-100,N,
NB,57,05,NB57-05,LON,2021,1,NB57-05-01-LON,PBGR,A,0,0,0,0,0,0,0,0,0,0,A,0,50-100,Y,
NB,57,06,NB57-06,LON,2021,1,NB57-06-01-LON,SORA,A,0,0,0,0,0,0,0,0,0,0,0,0,50-100,N,
NB,57,06,NB57-06,LON,2021,1,NB57-06-01-LON,NESP,0,0,0,0,0,A,0,0,0,0,0,0,0,50-100,N,
NB,57,02,NB57-02,LON,2021,1,NB57-02-01-LON,SORA,A,0,0,0,0,0,0,0,0,0,0,0,0,50-100,N,
NB,57,02,NB57-02,LON,2021,1,NB57-02-01-LON,SORA,0,0,A,0,0,0,0,0,0,0,0,0,0,>100,N,
NB,57,02,NB57-02,LON,2021,1,NB57-02-01-LON,PBGR,0,0,0,A,0,0,0,0,0,0,0,0,0,>100,N,
NB,57,02,NB57-02,LON,2021,1,NB57-02-01-LON,PBGR,0,0,0,0,0,0,0,0,0,0,0,0,A,50-100,N,
NB,57,03,NB57-03,LON,2021,2,NB57-03-02-LON,PBGR,A,0,A,0,0,0,0,0,0,0,0,0,0,50-100,Y,
NB,57,03,NB57-03,LON,2021,2,NB57-03-02-LON,PBGR,0,0,0,0,0,0,0,0,0,0,0,A,0,>100,Y,
NB,57,05,NB57-05,LON,2021,2,NB57-05-02-LON,PBGR,0,0,0,0,0,0,0,0,0,0,V,0,0,>100,Y,
NB,57,05,NB57-05,LON,2021,2,NB57-05-02-LON,PBGR,0,0,0,0,0,0,0,0,0,0,0,V,0,50-100,Y,
NB,57,05,NB57-05,LON,2021,2,NB57-05-02-LON,SORA,0,0,0,0,0,0,0,0,0,0,0,A,0,>100,Y,
NB,57,06,NB57-06,LON,2021,2,NB57-06-02-LON,NESP,0,0,0,0,0,0,0,A,0,0,0,0,0,50-100,N,
NB,34,01,NB34-01,MEB,2021,1,NB34-01-01-MEB,AMBI,A,A,0,0,0,A,0,0,0,0,A,A,0,50-100,N,Rooster calling/cows too
NB,34,01,NB34-01,MEB,2021,1,NB34-01-01-MEB,PBGR,0,0,A,0,0,0,V,V,V,0,A,AV,0,50-100,N,
NB,34,01,NB34-01,MEB,2021,1,NB34-01-01-MEB,AMBI,0,0,0,A,0,0,0,0,A,0,0,A,0,50-100,N,
NB,34,01,NB34-01,MEB,2021,1,NB34-01-01-MEB,PBGR,0,0,0,0,0,0,0,V,V,0,0,V,0,50-100,N,
NB,34,01,NB34-01,MEB,2021,1,NB34-01-01-MEB,VIRA,0,0,0,0,0,0,0,0,0,A,0,0,0,>100,N,
NB,34,01,NB34-01,MEB,2021,1,NB34-01-01-MEB,GOOT,0,0,0,0,0,0,0,0,0,0,0,A,0,>100,N,
NB,34,01,NB34-01,MEB,2021,1,NB34-01-01-MEB,PBGR,0,0,0,0,0,0,0,0,0,0,0,A,0,50-100,N,
NB,34,05,NB34-05,MEB,2021,1,NB34-05-01-MEB,AMBI,0,AV,A,A,A,A,0,A,A,0,0,A,0,50-100,N,Cows mooing
NB,34,05,NB34-05,MEB,2021,1,NB34-05-01-MEB,PBGR,0,A,0,0,0,0,0,0,0,0,A,0,0,50-100,N,
NB,34,05,NB34-05,MEB,2021,1,NB34-05-01-MEB,AMBI,0,0,0,0,0,0,0,0,0,0,0,0,0,50-100,N,
NB,34,05,NB34-05,MEB,2021,1,NB34-05-01-MEB,PBGR,0,0,0,A,A,0,0,0,0,0,A,A,0,<50,N,
NB,34,05,NB34-05,MEB,2021,1,NB34-05-01-MEB,VIRA,0,0,0,0,0,0,0,0,A,A,0,0,0,<50,N,
NB,34,06,NB34-06,MEB,2021,1,NB34-06-01-MEB,SORA,A,0,0,A,0,0,0,A,0,A,A,A,A,50-100,N,
NB,34,06,NB34-06,MEB,2021,1,NB34-06-01-MEB,AMBI,0,A,A,0,A,0,0,0,0,A,0,A,0,>100,NA,Did not indicate prev_point
NB,34,06,NB34-06,MEB,2021,1,NB34-06-01-MEB,PBGR,0,A,0,A,0,0,0,A,0,0,A,A,0,50-100,N,
NB,34,06,NB34-06,MEB,2021,1,NB34-06-01-MEB,PBGR,0,0,A,0,0,0,0,0,0,0,A,A,0,<50,N,
NB,34,06,NB34-06,MEB,2021,1,NB34-06-01-MEB,SORA,0,0,0,A,A,0,0,0,0,A,0,A,0,<50,N,
NB,34,06,NB34-06,MEB,2021,1,NB34-06-01-MEB,SORA,0,0,0,0,A,0,0,0,A,A,0,0,A,50-100,N,
NB,34,06,NB34-06,MEB,2021,1,NB34-06-01-MEB,VIRA,0,0,0,0,0,0,0,A,A,A,0,A,A,<50,N,
NB,34,06,NB34-06,MEB,2021,1,NB34-06-01-MEB,VIRA,0,0,0,0,0,0,0,0,A,0,A,0,0,50-100,N,
NB,34,06,NB34-06,MEB,2021,1,NB34-06-01-MEB,PBGR,0,0,0,0,0,0,0,0,0,0,A,0,0,>100,N,
NB,34,06,NB34-06,MEB,2021,1,NB34-06-01-MEB,GOOT,0,0,0,0,0,0,0,0,0,0,0,A,0,>100,N,Written as COOT
NB,34,07,NB34-07,MEB,2021,1,NB34-07-01-MEB,SORA,0,0,0,A,0,A,0,0,0,0,0,A,0,>100,N,
NB,34,07,NB34-07,MEB,2021,1,NB34-07-01-MEB,PBGR,0,0,0,0,A,A,0,A,0,0,0,A,0,>100,N,
NB,34,07,NB34-07,MEB,2021,1,NB34-07-01-MEB,VIRA,0,0,0,0,0,0,0,0,A,0,0,0,0,NA,N,Did not indicate distance
NB,34,07,NB34-07,MEB,2021,1,NB34-07-01-MEB,PBGR,0,0,0,0,0,0,0,0,0,0,0,A,0,NA,N,Did not indicate distance
NB,34,08,NB34-08,MEB,2021,1,NB34-08-01-MEB,VIRA,0,0,0,A,0,0,0,0,0,0,0,0,0,<50,N,
NB,34,08,NB34-08,MEB,2021,1,NB34-08-01-MEB,SORA,0,0,0,0,0,A,0,0,0,0,0,0,0,<50,N,
NB,34,08,NB34-08,MEB,2021,1,NB34-08-01-MEB,AMBI,0,0,0,0,0,A,0,A,A,0,0,A,A,NA,NA,Did not indicate distance; did not indicate prev_point
NB,34,08,NB34-08,MEB,2021,1,NB34-08-01-MEB,VIRA,0,0,0,0,0,0,0,0,0,A,A,0,0,<50,N,
NB,34,08,NB34-08,MEB,2021,1,NB34-08-01-MEB,PBGR,0,0,0,0,0,0,0,0,0,0,A,0,0,>100,Y,maybe before
NB,34,08,NB34-08,MEB,2021,1,NB34-08-01-MEB,LEBI,0,0,0,0,0,0,0,0,0,0,0,A,0,50-100,N,
NB,34,09,NB34-09,MEB,2021,1,NB34-09-01-MEB,PBGR,0,0,0,0,0,0,0,0,A,0,0,0,0,>100,Y,
NB,34,09,NB34-09,MEB,2021,1,NB34-09-01-MEB,SORA,0,0,0,0,0,0,0,0,0,0,A,A,0,>100,Y,
NB,34,09,NB34-09,MEB,2021,1,NB34-09-01-MEB,LEBI,0,0,0,0,0,0,0,0,0,0,0,A,0,>100,N,
NB,34,09,NB34-09,MEB,2021,1,NB34-09-01-MEB,PBGR,0,0,0,0,0,0,0,0,0,0,0,0,A,>100,N,
NB,34,03,NB34-03,MEB,2021,1,NB34-03-01-MEB,PBGR,0,0,0,0,0,0,0,0,0,0,0,V,0,<50,N,
NB,34,03,NB34-03,MEB,2021,1,NB34-03-01-MEB,SORA,0,0,0,0,0,0,0,0,0,0,0,A,0,50-100,N,
NB,34,04,NB34-04,MEB,2021,1,NB34-04-01-MEB,SORA,0,A,0,0,A,A,A,0,A,0,A,A,0,50-100,N,
NB,34,04,NB34-04,MEB,2021,1,NB34-04-01-MEB,PBGR,0,0,0,0,0,0,A,0,0,0,A,A,0,50-100,N,
NB,34,04,NB34-04,MEB,2021,1,NB34-04-01-MEB,PBGR,0,0,0,0,0,0,0,V,0,V,V,V,0,50-100,Y,PT 3
NB,34,01,NB34-01,MEB,2021,2,NB34-01-02-MEB,PBGR,A,0,0,0,0,0,0,0,0,0,0,0,0,50-100,N,
NB,34,01,NB34-01,MEB,2021,2,NB34-01-02-MEB,NESP,0,0,A,0,0,0,0,0,0,0,0,0,0,50-100,N,
NB,34,01,NB34-01,MEB,2021,2,NB34-01-02-MEB,AMBI,0,0,0,0,AV,0,0,0,0,0,0,0,0,50-100,N,
NB,34,01,NB34-01,MEB,2021,2,NB34-01-02-MEB,AMBI,0,0,0,0,0,V,0,0,0,0,0,0,0,50-100,N,
NB,34,01,NB34-01,MEB,2021,2,NB34-01-02-MEB,PBGR,0,0,0,0,0,0,0,0,0,0,A,0,0,>100,N,
NB,34,05,NB34-05,MEB,2021,2,NB34-05-02-MEB,VIRA,0,0,0,0,0,0,0,0,A,0,0,0,0,50-100,N,
NB,34,05,NB34-05,MEB,2021,2,NB34-05-02-MEB,SORA,0,0,0,0,0,0,0,0,0,A,A,A,0,>100,N,
NB,34,06,NB34-06,MEB,2021,2,NB34-06-02-MEB,PBGR,A,A,0,0,0,A,A,0,0,0,A,0,A,NA,N,Did not indicate distance
NB,34,06,NB34-06,MEB,2021,2,NB34-06-02-MEB,SORA,0,A,A,0,0,A,0,0,A,A,0,A,A,<50,N,
NB,34,06,NB34-06,MEB,2021,2,NB34-06-02-MEB,VIRA,0,A,A,A,A,A,A,A,A,A,A,A,0,<50,N,
NB,34,06,NB34-06,MEB,2021,2,NB34-06-02-MEB,SORA,0,0,0,0,A,0,0,0,0,A,0,A,0,50-100,N,
NB,34,06,NB34-06,MEB,2021,2,NB34-06-02-MEB,VIRA,0,0,0,0,A,A,0,0,0,0,A,0,0,<50,N,
NB,34,06,NB34-06,MEB,2021,2,NB34-06-02-MEB,VIRA,0,0,0,0,0,0,0,0,A,A,A,0,0,<50,N,
NB,34,06,NB34-06,MEB,2021,2,NB34-06-02-MEB,SORA,0,0,0,0,0,0,0,0,0,A,0,0,0,50-100,N,
NB,34,06,NB34-06,MEB,2021,2,NB34-06-02-MEB,SORA,0,0,0,0,0,0,0,0,0,A,0,0,0,NA,N,Did not indicate distance
NB,34,06,NB34-06,MEB,2021,2,NB34-06-02-MEB,VIRA,0,0,0,0,0,0,0,0,0,0,A,0,AV,<50,N,
NB,34,06,NB34-06,MEB,2021,2,NB34-06-02-MEB,PBGR,0,0,0,0,0,0,0,0,0,0,0,0,A,NA,N,Did not indicate distance
NB,34,07,NB34-07,MEB,2021,2,NB34-07-02-MEB,BLTE,AV,0,0,0,0,0,0,0,0,0,0,0,0,NA,N,Flew out of marsh + away
NB,34,07,NB34-07,MEB,2021,2,NB34-07-02-MEB,PBGR,0,0,0,0,A,0,0,0,A,A,0,0,0,>100,Y,
NB,34,07,NB34-07,MEB,2021,2,NB34-07-02-MEB,VIRA,0,0,0,0,0,0,0,0,A,0,0,0,0,<50,N,
NB,34,07,NB34-07,MEB,2021,2,NB34-07-02-MEB,SORA,0,0,0,0,0,0,0,0,0,0,A,A,0,50-100,N,
NB,34,08,NB34-08,MEB,2021,2,NB34-08-02-MEB,PBGR,A,0,0,0,0,0,0,0,0,0,0,A,0,>100,N,
NB,34,08,NB34-08,MEB,2021,2,NB34-08-02-MEB,LEBI,0,0,0,0,0,0,A,0,0,0,0,A,0,>100,N,
NB,34,08,NB34-08,MEB,2021,2,NB34-08-02-MEB,VIRA,0,0,0,0,0,0,0,0,A,A,V,AV,V,<50,N,Very close ~10m
NB,34,08,NB34-08,MEB,2021,2,NB34-08-02-MEB,VIRA,0,0,0,0,0,0,0,0,A,A,0,A,0,<50,N,
NB,34,08,NB34-08,MEB,2021,2,NB34-08-02-MEB,PBGR,0,0,0,0,0,0,0,0,0,0,A,0,0,50-100,N,
NB,34,08,NB34-08,MEB,2021,2,NB34-08-02-MEB,VIRA,0,0,0,0,0,0,0,0,0,0,A,A,A,<50,N,
NB,34,09,NB34-09,MEB,2021,2,NB34-09-02-MEB,NESP,0,0,0,A,A,A,A,A,A,0,A,AV,A,<50,N,
NB,34,09,NB34-09,MEB,2021,2,NB34-09-02-MEB,NESP,0,0,0,0,0,A,A,A,0,0,0,A,0,<50,N,
NB,34,09,NB34-09,MEB,2021,2,NB34-09-02-MEB,NESP,0,0,0,0,0,0,A,0,0,0,0,A,0,<50,N,
NB,34,09,NB34-09,MEB,2021,2,NB34-09-02-MEB,NESP,0,0,0,0,0,0,0,0,0,0,0,A,0,<50,N,
NB,BD,02,NBBD-02,DEM,2021,1,NBBD-02-01-DEM,NESP,0,0,A,0,0,0,0,0,0,0,0,0,0,<50,N,
NB,BD,02,NBBD-02,DEM,2021,1,NBBD-02-01-DEM,NESP,0,0,0,0,0,A,0,0,0,0,0,0,A,<50,N,
NB,BD,03,NBBD-03,DEM,2021,1,NBBD-03-01-DEM,NESP,0,0,0,0,0,0,0,A,0,0,0,A,0,<50,Y,
NB,BD,03,NBBD-03,DEM,2021,1,NBBD-03-01-DEM,NESP,0,0,0,0,0,0,0,0,0,0,0,A,0,<50,N,
NB,BD,04,NBBD-04,DEM,2021,1,NBBD-04-01-DEM,NESP,0,A,0,0,0,A,0,0,0,0,0,0,0,50-100,Y,
NB,BD,04,NBBD-04,DEM,2021,1,NBBD-04-01-DEM,WILL,0,0,0,0,0,0,0,0,0,0,0,A,0,<50,N,
NB,BD,05,NBBD-05,DEM,2021,1,NBBD-05-01-DEM,MAWR,0,A,0,0,0,0,0,0,A,A,0,0,0,50-100,N,
NB,BD,05,NBBD-05,DEM,2021,1,NBBD-05-01-DEM,NESP,0,0,0,A,0,0,0,0,0,0,0,A,0,<50,Y,
NB,BD,05,NBBD-05,DEM,2021,1,NBBD-05-01-DEM,NESP,0,0,0,0,0,A,0,0,0,0,0,0,0,<50,N,
NB,BD,05,NBBD-05,DEM,2021,1,NBBD-05-01-DEM,WILL,0,0,0,0,0,A,A,0,0,0,0,0,0,<50,Y,
NB,BD,05,NBBD-05,DEM,2021,1,NBBD-05-01-DEM,MAWR,0,0,0,0,0,0,0,0,0,0,0,A,NA,50-100,N,
NB,BD,02,NBBD-02,DEM,2021,2,NBBD-02-02-DEM,WILL,AV,AV,AV,0,0,AV,AV,V,0,0,0,A,NA,<50,N,"Before/after columns not separated; assuming all noted are ""before"""
NB,BD,02,NBBD-02,DEM,2021,2,NBBD-02-02-DEM,NESP,0,0,0,A,0,A,0,0,0,0,0,A,0,<50,N,
NB,BD,02,NBBD-02,DEM,2021,2,NBBD-02-02-DEM,MAWR,0,0,0,0,0,0,A,0,0,0,0,A,0,<50,N,
NB,BD,03,NBBD-03,DEM,2021,2,NBBD-03-02-DEM,NESP,A,A,0,0,0,0,0,0,0,0,0,0,NA,<50,Y,"Before/after columns not separated; assuming all noted are ""before"""
NB,BD,03,NBBD-03,DEM,2021,2,NBBD-03-02-DEM,NESP,0,A,0,0,0,0,0,0,0,0,0,0,0,<50,N,
NB,BD,03,NBBD-03,DEM,2021,2,NBBD-03-02-DEM,WILL,0,0,A,0,0,0,0,0,0,0,0,0,0,<50,N,
NB,BD,03,NBBD-03,DEM,2021,2,NBBD-03-02-DEM,MAWR,0,0,0,0,0,A,0,0,0,0,0,0,0,<50,Y,
NB,BD,03,NBBD-03,DEM,2021,2,NBBD-03-02-DEM,MAWR,0,0,0,0,0,0,A,A,0,0,0,A,0,<50,N,
NB,BD,04,NBBD-04,DEM,2021,2,NBBD-04-02-DEM,NESP,0,0,0,0,0,0,A,0,0,A,0,0,0,<50,Y,
NB,BD,04,NBBD-04,DEM,2021,2,NBBD-04-02-DEM,WILL,0,0,0,0,0,0,0,0,0,0,0,0,AV,50-100,Y,Flew through
NB,BD,04,NBBD-04,DEM,2021,2,NBBD-04-02-DEM,WILL,0,0,0,0,0,0,0,0,0,0,0,0,AV,50-100,N,Flew through
NB,BD,05,NBBD-05,DEM,2021,2,NBBD-05-02-DEM,MAWR,0,A,0,A,0,0,A,0,0,A,A,0,0,<50,N,
NB,BD,05,NBBD-05,DEM,2021,2,NBBD-05-02-DEM,NESP,0,0,0,A,A,A,0,0,0,0,0,A,0,<50,Y,
NB,BD,05,NBBD-05,DEM,2021,2,NBBD-05-02-DEM,WILL,0,0,0,0,0,0,0,0,A,0,0,A,0,50-100,Y,
NB,BD,05,NBBD-05,DEM,2021,2,NBBD-05-02-DEM,MAWR,0,0,0,0,0,0,0,0,0,A,0,0,0,50-100,N,
NB,BD,05,NBBD-05,DEM,2021,2,NBBD-05-02-DEM,NESP,0,0,0,0,0,0,0,0,0,0,0,A,0,<50,N,
NB,CH,01,NBCH-01,DEM,2021,1,NBCH-01-01-DEM,NESP,0,0,0,0,0,0,0,0,0,A,0,A,0,<50,N,
NB,CH,01,NBCH-01,DEM,2021,1,NBCH-01-01-DEM,AMBI,0,0,0,0,0,0,0,0,0,0,0,A,0,50-100,N,
NB,CH,03,NBCH-03,DEM,2021,1,NBCH-03-01-DEM,WILL,0,0,0,0,0,0,0,0,0,0,0,A,0,50-100,N,
NB,CH,03,NBCH-03,DEM,2021,1,NBCH-03-01-DEM,WILL,0,0,0,0,0,0,0,0,0,0,0,A,0,50-100,N,
NB,CH,04,NBCH-04,DEM,2021,1,NBCH-04-01-DEM,AMBI,A,0,0,0,0,0,0,0,0,A,0,A,NA,50-100,Y,"Before/after columns not separated; assuming all noted are ""before"""
NB,CH,02,NBCH-02,DEM,2021,1,NBCH-02-01-DEM,NESP,0,A,0,0,0,0,0,0,0,0,0,A,0,<50,N,
NB,CH,02,NBCH-02,DEM,2021,1,NBCH-02-01-DEM,NESP,0,0,0,0,0,A,0,0,0,0,0,0,0,<50,N,
NB,CH,02,NBCH-02,DEM,2021,1,NBCH-02-01-DEM,MAWR,0,0,0,0,0,0,0,0,A,0,0,A,0,<50,N,
NB,CH,02,NBCH-02,DEM,2021,1,NBCH-02-01-DEM,MAWR,0,0,0,0,0,0,0,0,0,0,A,0,0,<50,N,
NB,CH,02,NBCH-02,DEM,2021,1,NBCH-02-01-DEM,NESP,0,0,0,0,0,0,0,0,0,0,0,A,0,<50,N,
NB,CH,01,NBCH-01,DEM,2021,2,NBCH-01-02-DEM,MAWR,0,A,A,A,A,A,A,A,A,A,A,0,0,<50,N,
NB,CH,03,NBCH-03,DEM,2021,2,NBCH-03-02-DEM,MAWR,0,A,A,A,A,0,0,0,0,0,0,A,0,<50,Y,
NB,CH,04,NBCH-04,DEM,2021,2,NBCH-04-02-DEM,AMBI,A,A,0,A,0,A,0,A,0,A,0,A,NA,50-100,N,"Before/after columns not separated; assuming all noted are ""before"""
NB,CH,04,NBCH-04,DEM,2021,2,NBCH-04-02-DEM,AMBI,0,A,0,0,0,0,0,0,0,0,0,A,0,<50,Y,
NB,CH,02,NBCH-02,DEM,2021,2,NBCH-02-02-DEM,WILL,AV,AV,0,AV,A,AV,0,AV,AV,AV,AV,AV,NA,<50,N,"Before/after columns not separated; assuming all noted are ""before"""
NB,CH,02,NBCH-02,DEM,2021,2,NBCH-02-02-DEM,MAWR,0,0,0,0,0,0,0,0,0,0,0,0,0,<50,Y,Did not indicate when speices was detected
NB,CH,02,NBCH-02,DEM,2021,2,NBCH-02-02-DEM,MAWR,0,0,0,0,0,0,0,0,0,0,0,0,0,<50,N,Did not indicate when speices was detected
NB,CH,02,NBCH-02,DEM,2021,2,NBCH-02-02-DEM,NESP,0,0,0,0,0,0,0,0,0,0,0,0,0,<50,N,Did not indicate when speices was detected
NB,CH,02,NBCH-02,DEM,2021,2,NBCH-02-02-DEM,NESP,0,0,0,0,0,0,0,0,0,0,0,0,0,<50,N,Did not indicate when speices was detected
NB,CH,02,NBCH-02,DEM,2021,2,NBCH-02-02-DEM,NESP,0,0,0,0,0,0,0,0,0,0,0,0,0,<50,N,Did not indicate when speices was detected
NB,CH,02,NBCH-02,DEM,2021,2,NBCH-02-02-DEM,WILL,0,0,0,0,0,0,0,0,0,0,0,AV,0,<50,N,
NB,CV,01,NBCV-01,DEM,2021,1,NBCV-01-01-DEM,NESP,0,0,0,0,A,0,0,0,0,0,0,A,A,<50,N,
NB,CV,01,NBCV-01,DEM,2021,1,NBCV-01-01-DEM,MAWR,0,0,0,0,0,0,A,0,0,0,0,0,0,<50,N,
NB,CV,02,NBCV-02,DEM,2021,2,NBCV-02-02-DEM,MAWR,0,0,0,0,A,A,A,A,0,A,0,A,A,<50,N,
NB,CV,01,NBCV-01,DEM,2021,2,NBCV-01-02-DEM,MAWR,A,A,A,A,A,A,0,0,0,A,A,A,NA,<50,Y,"Before/after columns not separated; assuming all noted are ""before"""
NB,CV,01,NBCV-01,DEM,2021,2,NBCV-01-02-DEM,NESP,A,A,A,0,A,0,0,0,A,0,0,0,NA,<50,N,"Before/after columns not separated; assuming all noted are ""before"""
NB,CV,01,NBCV-01,DEM,2021,2,NBCV-01-02-DEM,MAWR,A,A,A,A,A,A,A,0,0,A,A,A,NA,<50,N,"Before/after columns not separated; assuming all noted are ""before"""
NB,CV,01,NBCV-01,DEM,2021,2,NBCV-01-02-DEM,MAWR,0,0,0,0,0,A,0,A,0,0,0,0,0,<50,N,
NB,CV,03,NBCV-03,DEM,2021,2,NBCV-03-02-DEM,MAWR,A,A,A,A,A,A,0,A,0,0,0,A,NA,<50,Y,"Before/after columns not separated; assuming all noted are ""before"""
NB,CV,03,NBCV-03,DEM,2021,2,NBCV-03-02-DEM,MAWR,A,A,A,A,A,A,A,0,0,A,A,A,NA,<50,Y,"Before/after columns not separated; assuming all noted are ""before"""
NB,CV,03,NBCV-03,DEM,2021,2,NBCV-03-02-DEM,MAWR,0,0,0,A,0,0,0,0,0,A,A,A,0,<50,Y,
NB,CV,03,NBCV-03,DEM,2021,2,NBCV-03-02-DEM,MAWR,0,0,0,0,0,0,0,A,A,A,A,A,0,<50,N,
NB,CV,04,NBCV-04,DEM,2021,2,NBCV-04-02-DEM,MAWR,A,A,0,A,A,A,A,A,0,A,0,A,NA,<50,Y,"Before/after columns not separated; assuming all noted are ""before"""
NB,CV,04,NBCV-04,DEM,2021,2,NBCV-04-02-DEM,MAWR,0,A,A,0,0,0,0,A,A,0,0,A,0,<50,Y,
NB,CV,04,NBCV-04,DEM,2021,2,NBCV-04-02-DEM,MAWR,0,0,0,A,A,A,0,A,A,0,0,A,0,<50,Y,
NB,CV,04,NBCV-04,DEM,2021,2,NBCV-04-02-DEM,WILL,0,0,0,0,0,0,0,0,0,0,0,A,0,50-100,N,
NB,CV,04,NBCV-04,DEM,2021,2,NBCV-04-02-DEM,WILL,0,0,0,0,0,0,0,0,0,0,0,A,0,<50,N,
NB,08,01,NB08-01,REG,2021,2,NB08-01-02-REG,PBGR,0,0,0,0,0,0,0,0,0,A,A,V,0,50-100,N,
NB,08,01,NB08-01,REG,2021,2,NB08-01-02-REG,PBGR,0,0,0,0,0,0,0,0,0,0,0,AV,AV,<50,N,
NB,08,01,NB08-01,REG,2021,2,NB08-01-02-REG,PBGR,0,0,0,0,0,0,0,0,0,0,0,AV,AV,<50,N ,
NB,08,02,NB08-02,REG,2021,1,NB08-02-01-REG,AMBI,A,0,A,0,A,0,0,0,0,0,0,A,0,50-100,NA,Did not indicate prev_point
NB,08,02,NB08-02,REG,2021,1,NB08-02-01-REG,PBGR,A,A,A,A,0,0,0,0,0,0,0,0,0,50-100,N,"Did not indicate prev_point, deduced N based on data/time"
NB,08,02,NB08-02,REG,2021,1,NB08-02-01-REG,PBGR,A,0,0,A,0,0,0,0,0,0,0,0,0,50-100,N,"Did not indicate prev_point, deduced N based on data/time"
NB,08,03,NB08-03,REG,2021,1,NB08-03-01-REG,AMBI,V,0,0,0,0,0,0,0,0,0,0,0,0,<50,NA,"Flew while walking to point, Did not indicate prev_point"
NB,08,04,NB08-04,REG,2021,1,NB08-04-01-REG,AMBI,AV,A,A,A,A,A,A,A,A,A,A,A,0,50-100,N,"Did not indicate prev_point, very active on calls"
NB,08,04,NB08-04,REG,2021,1,NB08-04-01-REG,AMBI,A,A,A,A,A,A,A,A,A,A,0,A,0,50-100,N,"Did not indicate prev_point, very active on calls"
NB,08,04,NB08-04,REG,2021,1,NB08-04-01-REG,AMBI,0,A,A,A,A,A,A,A,A,A,0,A,0,50-100,N,"Did not indicate prev_point, very active on calls"
NB,09,01,NB09-01,REG,2021,1,NB09-01-01-REG,AMBI,0,0,0,A,0,0,0,0,0,0,0,0,0,50-100,N ,
NB,09,01,NB09-01,REG,2021,1,NB09-01-01-REG,AMBI,0,0,0,0,0,A,0,0,0,0,0,0,0,50-100,N,
NB,09,01,NB09-01,REG,2021,1,NB09-01-01-REG,AMBI,0,0,0,0,0,0,0,0,A,0,0,0,0,50-100,N ,
NB,09,01,NB09-01,REG,2021,1,NB09-01-01-REG,SORA,0,0,0,0,0,0,0,0,0,A,0,0,0,<50,N ,
NB,09,01,NB09-01,REG,2021,1,NB09-01-01-REG,SORA,0,0,0,0,0,0,0,0,0,0,A,0,0,<50,N ,
NB,09,01,NB09-01,REG,2021,1,NB09-01-01-REG,AMBI,0,0,0,0,0,0,0,0,0,0,0,A,0,50-100,N ,
NB,09,01,NB09-01,REG,2021,1,NB09-01-01-REG,SORA,0,0,0,0,0,0,0,0,0,0,0,V,0,NA,N,Did not indicate distance
NB,09,02,NB09-02,REG,2021,1,NB09-02-01-REG,PBGR,0,0,0,0,0,0,0,0,A,0,0,0,0,50-100,N,"Did not indicate prev_point, deduced N based on data/time"
NB,09,03,NB09-03,REW,2021,2,NB09-03-02-REW,LEBI,A,0,A,0,0,0,0,0,0,0,A,0,0,NA,N,"Did not indicate distance; did not indicate prev_point, assumed N based in time/data"
NB,10,05,NB10-05,JES,2021,2,NB10-05-02-JES,PBGR,0,0,0,0,0,0,0,0,0,0,0,0,V,<50,N,
NB,10,06,NB10-06,DRG,2021,1,NB10-06-01-DRG,PBGR,AV,0,0,0,0,0,0,0,0,0,0,0,0,50-100,N,"Flying; Did not indicate prev_point, assumed N based on time/data"
NB,10,06,NB10-06,JES,2021,2,NB10-06-02-JES,PBGR,0,0,0,0,0,0,0,0,0,0,0,0,A,50-100,N,
NB,10,07,NB10-07,DRG,2021,1,NB10-07-01-DRG,PBGR,0,0,0,0,0,0,0,0,0,0,0,V,0,50-100,N,
NB,10,07,NB10-07,DRG,2021,1,NB10-07-01-DRG,PBGR,0,0,0,0,0,0,0,0,0,0,0,V,0,50-100,N,
NB,10,07,NB10-07,JES,2021,2,NB10-07-02-JES,AMBI,AV,0,0,0,0,0,0,0,0,0,0,0,0,<50,N,"Did not indicate prev_point, deduced N based on data/time"
NB,10,08,NB10-08,JES,2021,2,NB10-08-02-JES,PBGR,0,0,0,0,0,0,0,0,0,0,AV,AV,AV,<50,N,"wrote ""2x"" in notes"
NB,12,01,NB12-01,DRG,2021,2,NB12-01-02-DRG,VIRA,0,0,0,0,0,0,0,A,0,0,0,A,0,<50,N,Did not indicate prev_point
NB,12,04,NB12-04,HOS,2021,1,NB12-04-01-HOS,AMBI,V,0,0,0,0,0,0,0,0,0,0,0,0,<50,N,
NB,12,05,NB12-05,HOS,2021,1,NB12-05-01-HOS,PBGR,0,0,V,0,0,AV,0,V,0,0,0,0,0,>100,N,
NB,12,06,NB12-06,HOS,2021,1,NB12-06-01-HOS,PBGR,0,0,0,0,0,A,0,0,0,0,0,0,0,50-100,NA,Did not indicate prev_point
NB,12,07,NB12-07,HOS,2021,1,NB12-07-01-HOS,PBGR,0,0,0,0,0,0,0,0,0,0,0,AV,0,50-100,Y,
NB,12,08,NB12-08,HOS,2021,1,NB12-08-01-HOS,PBGR,A,0,0,0,0,0,0,0,0,0,0,0,0,>100,N,
NB,TH,01,NBTH-01,DAR,2021,1,NBTH-01-01-DAR,NESP,0,0,0,0,0,A,A,A,A,A,A,A,0,>100,N,
NB,TH,01,NBTH-01,DAR,2021,2,NBTH-01-02-DAR,NESP,A,A,A,A,A,0,0,0,0,A,A,A,0,50-100,N,
NB,TH,01,NBTH-01,DAR,2021,2,NBTH-01-02-DAR,NESP,0,A,0,A,0,0,0,0,0,0,0,0,0,>100,N,
NB,TH,02,NBTH-02,DAR,2021,2,NBTH-02-02-DAR,LEBI,0,0,0,0,0,0,A,0,A,A,0,A,0,>100,N,"Low confidence ID; Did not indicate prev_point, assumed N based on time/data"
NB,TH,04,NBTH-04,DAR,2021,2,NBTH-04-02-DAR,NESP,0,0,0,0,0,0,0,0,0,0,0,A,0,>100,N,
PE,05,01,PE05-01,MAG,2021,1,PE05-01-01-MAG,NESP,0,A,0,0,0,0,0,0,0,0,0,0,0,50-100,N,
PE,05,01,PE05-01,MAG,2021,1,PE05-01-01-MAG,NESP,0,0,0,0,0,0,0,0,0,0,0,A,0,50-100,N,
PE,10,01,PE10-01,MAG,2021,1,PE10-01-01-MAG,PBGR,A,0,A,0,0,0,V,0,0,A,0,AV,0,>100,N,>100m 115°
PE,10,01,PE10-01,MAG,2021,1,PE10-01-01-MAG,SORA,0,0,A,0,0,0,0,0,0,0,0,0,0,>100,N,>100m 140°
PE,10,01,PE10-01,MAG,2021,1,PE10-01-01-MAG,PBGR,0,0,0,0,0,0,0,0,0,0,0,A,0,>100,N,>100m 60°
PE,10,02,PE10-02,MAG,2021,1,PE10-02-01-MAG,PBGR,A,0,0,0,0,A,0,0,0,0,0,0,0,NA,Y,Did not indicate distance
PE,10,02,PE10-02,MAG,2021,1,PE10-02-01-MAG,PBGR,0,0,0,0,0,A,0,A,0,0,0,0,0,NA,N,Did not indicate distance
PE,10,02,PE10-02,MAG,2021,1,PE10-02-01-MAG,SORA,0,0,0,0,0,0,0,0,A,0,0,0,0,NA,Y,Did not indicate distance
PE,10,02,PE10-02,MAG,2021,1,PE10-02-01-MAG,PBGR,0,0,0,0,0,0,0,0,0,0,A,0,0,NA,NA,Did not indicate distance; did not indicate prev_point
PE,10,02,PE10-02,MAG,2021,1,PE10-02-01-MAG,SORA,0,0,0,0,0,0,0,0,0,0,0,A,0,NA,N,Did not indicate distance
PE,10,03,PE10-03,MAG,2021,1,PE10-03-01-MAG,SORA,0,0,0,0,0,0,A,0,0,0,0,0,0,>100,N,
PE,10,03,PE10-03,MAG,2021,1,PE10-03-01-MAG,PBGR,0,0,0,0,0,0,0,0,0,0,A,0,0,>100,Y,"Observer noted that it's ""most likely"" detected at prev_point"
PE,10,03,PE10-03,MAG,2021,1,PE10-03-01-MAG,PBGR,0,0,0,0,0,0,0,0,0,0,A,0,0,>100,Y,"Observer noted that it's ""most likely"" detected at prev_point"
PE,10,04,PE10-04,MAG,2021,1,PE10-04-01-MAG,PBGR,0,0,0,0,0,0,0,0,0,0,A,0,0,50-100,N,
PE,10,04,PE10-04,MAG,2021,1,PE10-04-01-MAG,PBGR,0,0,0,0,0,0,0,0,0,0,A,0,0,>100,Y,
PE,10,06,PE10-06,MAG,2021,1,PE10-06-01-MAG,PBGR,0,0,0,0,0,0,0,0,0,0,A,0,0,>100,N,
PE,10,07,PE10-07,MAG,2021,1,PE10-07-01-MAG,PBGR,A,0,0,0,0,0,0,0,0,0,0,0,0,>100,Y,
PE,10,07,PE10-07,MAG,2021,1,PE10-07-01-MAG,PBGR,A,0,0,0,0,0,0,0,0,0,0,0,0,>100,Y,
PE,10,07,PE10-07,MAG,2021,1,PE10-07-01-MAG,PBGR,0,0,0,0,0,0,0,0,0,0,0,A,0,>100,N,
PE,10,01,PE10-01,MAG,2021,2,PE10-01-02-MAG,PBGR,0,0,0,0,0,0,0,0,0,0,A,0,0,>100,N,
PE,10,01,PE10-01,MAG,2021,2,PE10-01-02-MAG,PBGR,0,0,0,0,0,0,0,0,0,0,0,A,0,>100,N,
PE,10,02,PE10-02,MAG,2021,2,PE10-02-02-MAG,PBGR,0,0,0,0,0,A,0,0,0,0,0,0,0,>100,Y,
PE,10,02,PE10-02,MAG,2021,2,PE10-02-02-MAG,PBGR,0,0,0,0,0,0,0,0,0,0,0,V,0,<50,N,
PE,10,02,PE10-02,MAG,2021,2,PE10-02-02-MAG,PBGR,0,0,0,0,0,0,0,0,0,0,0,V,0,<50,N,
PE,10,03,PE10-03,MAG,2021,2,PE10-03-02-MAG,PBGR,0,0,0,0,A,0,0,0,0,0,A,A,0,>100,Y,
PE,10,03,PE10-03,MAG,2021,2,PE10-03-02-MAG,PBGR,0,0,0,0,A,0,0,0,0,0,A,0,0,>100,Y,
PE,10,03,PE10-03,MAG,2021,2,PE10-03-02-MAG,PBGR,0,0,0,0,0,0,0,0,0,0,0,V,0,>100,Y,
PE,10,04,PE10-04,MAG,2021,2,PE10-04-02-MAG,PBGR,0,0,0,A,0,0,0,0,0,0,0,0,0,>100,Y,
PE,10,04,PE10-04,MAG,2021,2,PE10-04-02-MAG,PBGR,0,0,0,0,A,0,0,0,0,0,0,0,0,>100,Y,
PE,10,05,PE10-05,MAG,2021,2,PE10-05-02-MAG,PBGR,0,0,0,0,A,0,0,0,0,0,0,0,0,>100,Y,
PE,10,05,PE10-05,MAG,2021,2,PE10-05-02-MAG,PBGR,0,0,0,0,0,0,0,0,0,0,0,A,0,>100,Y,
PE,10,05,PE10-05,MAG,2021,2,PE10-05-02-MAG,PBGR,0,0,0,0,0,0,0,0,0,0,0,A,0,>100,Y,
PE,10,06,PE10-06,MAG,2021,2,PE10-06-02-MAG,SORA,0,0,0,0,0,0,0,0,0,A,0,0,0,<50,N,
PE,10,07,PE10-07,MAG,2021,2,PE10-07-02-MAG,VIRA,0,0,0,0,0,0,0,0,AV,0,A,0,0,<50,N,
PE,10,07,PE10-07,MAG,2021,2,PE10-07-02-MAG,VIRA,0,0,0,0,0,0,0,0,A,0,0,0,0,<50,N,
PE,07,01,PE07-01,MAG,2021,1,PE07-01-01-MAG,AMBI,0,0,A,0,0,0,0,0,0,0,0,A,0,50-100,N,
NB,36,03,NB36-03,KAP,2021,1,NB36-03-01-KAP,SORA,A,0,0,0,0,0,0,0,0,0,0,0,0,50-100,NA,"in transit, did not indicate prev_point"
NB,36,03,NB36-03,KAP,2021,1,NB36-03-01-KAP,AMBI,A,0,0,0,0,0,0,0,0,0,0,0,0,50-100,Y,from 2 to 3
NB,36,03,NB36-03,KAP,2021,1,NB36-03-01-KAP,SORA,0,0,0,0,A,A,0,0,A,0,0,A,0,50-100,N,
NB,36,04,NB36-04,KAP,2021,1,NB36-04-01-KAP,BLTE,0,A,0,0,0,0,0,0,0,0,0,0,0,<50,N,
NB,36,04,NB36-04,KAP,2021,1,NB36-04-01-KAP,AMBI,0,0,0,0,0,A,0,0,0,0,0,0,0,>100,Y,
NB,36,04,NB36-04,KAP,2021,1,NB36-04-01-KAP,VIRA,0,0,0,0,0,0,0,0,0,A,0,0,0,<50,N,
NB,36,04,NB36-04,KAP,2021,1,NB36-04-01-KAP,PBGR,0,0,0,0,0,0,0,0,0,0,0,0,0,>100,N,"Did not indicate distance; did not indicated prev_point, assumed N from data/time"
NB,36,04,NB36-04,KAP,2021,1,NB36-04-01-KAP,SORA,0,0,0,0,0,0,0,0,0,0,0,A,0,<50,N,
NB,36,05,NB36-05,KAP,2021,1,NB36-05-01-KAP,BLTE,0,0,0,0,V,0,0,0,0,0,0,0,0,50-100,N,
NB,36,05,NB36-05,KAP,2021,1,NB36-05-01-KAP,SORA,0,0,0,0,0,0,0,0,0,0,0,A,0,>100,N,
NB,36,06,NB36-06,KAP,2021,1,NB36-06-01-KAP,SORA,0,0,0,0,0,A,0,0,A,0,0,0,0,>100,N,
NB,36,07,NB36-07,KAP,2021,1,NB36-07-01-KAP,SORA,0,A,0,A,A,A,A,0,0,A,A,A,A,50-100,N,
NB,36,07,NB36-07,KAP,2021,1,NB36-07-01-KAP,PBGR,0,0,0,0,0,0,0,0,0,0,A,0,0,>100,N,
NB,36,07,NB36-07,KAP,2021,1,NB36-07-01-KAP,PBGR,0,0,0,0,0,0,0,0,0,0,0,A,0,50-100,N,
NB,SE,01,NBSE-01,BIW,2021,2,NBSE-01-02-BIW,PBGR,V,0,0,0,0,0,0,0,0,0,0,0,0,<50,NA,"Adult, did not indicate prev_point"
NB,SE,01,NBSE-01,BIW,2021,2,NBSE-01-02-BIW,PBGR,V,0,0,0,0,0,0,0,0,0,0,0,0,<50,NA,"Adult, did not indicate prev_point"
NB,SE,01,NBSE-01,BIW,2021,2,NBSE-01-02-BIW,SORA,0,0,0,0,0,A,0,0,0,0,0,0,0,50-100,NA,Did not indicate prev_point
NB,SE,01,NBSE-01,BIW,2021,2,NBSE-01-02-BIW,VIRA,0,0,0,0,0,0,0,0,A,0,0,0,0,<50,N,"Did not indicate prev_point, deduced N based on data/time"
NB,SE,01,NBSE-01,BIW,2021,2,NBSE-01-02-BIW,SORA,0,0,0,0,0,0,0,0,0,0,A,0,0,<50,NA,Did not indicate prev_point
NB,SE,01,NBSE-01,BIW,2021,2,NBSE-01-02-BIW,PBGR,0,0,0,0,0,0,0,0,0,0,V,0,0,50-100,NA,"Adult, did not indicate prev_point"
NB,SE,01,NBSE-01,BIW,2021,2,NBSE-01-02-BIW,PBGR,0,0,0,0,0,0,0,0,0,0,V,0,0,50-100,NA,"Juvenile, did not indicate prev_point"
NB,SE,01,NBSE-01,BIW,2021,2,NBSE-01-02-BIW,PBGR,0,0,0,0,0,0,0,0,0,0,V,0,0,50-100,NA,"Juvenile, did not indicate prev_point"
NB,SE,02,NBSE-02,BIW,2021,1,NBSE-02-01-BIW,PBGR,A,0,0,0,0,0,0,0,0,0,0,0,0,50-100,N,"Did not indicate prev_point, deduced N based on data/time"
NB,SE,02,NBSE-02,BIW,2021,1,NBSE-02-01-BIW,SORA,0,0,A,0,0,A,0,0,0,A,A,A,A,50-100,NA,Did not indicate prev_point
NB,SE,02,NBSE-02,BIW,2021,2,NBSE-02-02-BIW,SORA,A,0,0,0,0,0,0,0,0,0,0,0,0,<50,NA,Did not indicate prev_point
NB,SE,03,NBSE-03,BIW,2021,1,NBSE-03-01-BIW,SORA,0,0,0,0,0,0,0,0,0,0,0,0,AV,50-100,Y,
NB,SE,03,NBSE-03,BIW,2021,2,NBSE-03-02-BIW,PBGR,V,V,0,0,0,0,0,0,0,0,V,V,0,<50,N,juvenile
NB,SE,03,NBSE-03,BIW,2021,2,NBSE-03-02-BIW,PBGR,V,V,0,0,0,0,0,0,0,0,V,V,0,<50,N,juvenile
NB,SE,03,NBSE-03,BIW,2021,2,NBSE-03-02-BIW,PBGR,V,0,0,0,0,0,0,0,0,0,V,V,0,<50,N,juvenile
NB,SE,03,NBSE-03,BIW,2021,2,NBSE-03-02-BIW,PBGR,0,V,0,0,0,0,0,0,0,0,V,V,0,<50,N,adult
NB,SE,03,NBSE-03,BIW,2021,2,NBSE-03-02-BIW,PBGR,0,0,0,0,0,0,0,0,0,V,0,0,0,50-100,N,adult
NB,SE,03,NBSE-03,BIW,2021,2,NBSE-03-02-BIW,PBGR,0,0,0,0,0,0,0,0,0,V,0,0,0,50-100,N,juvenile
NB,SE,03,NBSE-03,BIW,2021,2,NBSE-03-02-BIW,PBGR,0,0,0,0,0,0,0,0,0,V,0,0,0,50-100,N,juvenile
NB,SE,03,NBSE-03,BIW,2021,2,NBSE-03-02-BIW,SORA,0,0,0,0,0,0,0,0,0,0,0,0,A,<50,N,
NB,SE,04,NBSE-04,BIW,2021,1,NBSE-04-01-BIW,SORA,0,0,0,0,0,0,0,0,0,0,0,A,0,>100,N,"Did not indicate prev_point, deduced N based on data/time"
NB,SW,01,NBSW-01,BIW,2021,1,NBSW-01-01-BIW,SORA,A,0,0,0,0,A,0,0,0,0,0,0,0,>100,NA,Did not indicate prev_point
NB,SW,01,NBSW-01,BIW,2021,1,NBSW-01-01-BIW,VIRA,0,0,0,0,0,0,0,0,A,0,A,0,0,<50,NA,Did not indicate prev_point
NB,SW,01,NBSW-01,BIW,2021,2,NBSW-01-02-BIW,PBGR,0,A,0,0,0,0,0,0,0,0,0,0,V,>100,NA,Did not indicate prev_point
NB,SW,01,NBSW-01,BIW,2021,2,NBSW-01-02-BIW,SORA,0,0,0,0,0,0,0,0,0,A,A,0,0,50-100,NA,Did not indicate prev_point
NB,SW,01,NBSW-01,BIW,2021,2,NBSW-01-02-BIW,SORA,0,0,0,0,0,0,0,0,0,0,A,A,0,<50,NA,Did not indicate prev_point
NB,SW,01,NBSW-01,BIW,2021,2,NBSW-01-02-BIW,AMCO,0,0,0,0,0,0,0,0,0,0,0,0,V,50-100,NA,Did not indicate prev_point
NB,SW,01,NBSW-01,BIW,2021,2,NBSW-01-02-BIW,PBGR,0,0,0,0,0,0,0,0,0,0,0,0,V,50-100,NA,Did not indicate prev_point
NB,SW,02,NBSW-02,BIW,2021,1,NBSW-02-01-BIW,PBGR,V,0,0,0,0,0,0,0,0,0,0,0,0,<50,NA,Did not indicate prev_point
NB,SW,02,NBSW-02,BIW,2021,1,NBSW-02-01-BIW,SORA,A,0,0,A,0,0,0,0,0,A,A,A,0,>100,Y,
NB,SW,02,NBSW-02,BIW,2021,1,NBSW-02-01-BIW,PBGR,0,0,0,0,0,A,0,0,0,0,0,0,0,50-100,NA,Did not indicate prev_point
NB,SW,02,NBSW-02,BIW,2021,1,NBSW-02-01-BIW,VIRA,0,0,0,0,0,0,0,0,A,0,0,0,0,<50,N,"Did not indicate prev_point, deduced N based on data/time"
NB,SW,02,NBSW-02,BIW,2021,1,NBSW-02-01-BIW,COGA,0,0,0,0,0,0,0,0,0,0,0,V,0,50-100,N,"Did not indicate prev_point, deduced N based on data/time"
NB,SW,02,NBSW-02,BIW,2021,2,NBSW-02-02-BIW,SORA,0,0,0,0,0,A,0,0,0,0,0,0,0,>100,NA,Did not indicate prev_point
NB,SW,02,NBSW-02,BIW,2021,2,NBSW-02-02-BIW,PBGR,0,0,0,0,0,0,0,0,0,0,0,A,0,>100,NA,Did not indicate prev_point
NB,SW,02,NBSW-02,BIW,2021,2,NBSW-02-02-BIW,AMCO,0,0,0,0,0,0,0,0,0,0,0,0,V,>100,N,"Did not indicate prev_point, deduced N based on data/time"
NB,SW,02,NBSW-02,BIW,2021,2,NBSW-02-02-BIW,VIRA,0,0,0,0,0,0,0,0,0,0,0,0,A,>100,Y,
NB,SW,03,NBSW-03,BIW,2021,1,NBSW-03-01-BIW,LEBI,A,0,A,0,A,0,0,0,0,0,0,0,0,<50,N,"Did not indicate prev_point, deduced N based on data/time; did not indicate distance"
NB,SW,03,NBSW-03,BIW,2021,1,NBSW-03-01-BIW,PBGR,A,0,0,0,0,0,0,0,A,0,0,0,0,NA,N,"Did not indicate prev_point, deduced N based on data/time"
NB,SW,03,NBSW-03,BIW,2021,1,NBSW-03-01-BIW,GOOT,0,0,0,0,0,0,A,0,0,0,0,0,0,>100,N,"Did not indicate prev_point, deduced N based on data/time"
NB,SW,03,NBSW-03,BIW,2021,1,NBSW-03-01-BIW,SORA,0,0,0,0,0,0,0,0,0,A,0,0,0,>100,N,"Did not indicate prev_point, deduced N based on data/time"
NB,SW,03,NBSW-03,BIW,2021,1,NBSW-03-01-BIW,PBGR,0,0,0,0,0,0,0,0,0,0,V,0,0,NA,N,"Did not indicate prev_point, deduced N based on data/time; did not indicate distance"
NB,SW,03,NBSW-03,BIW,2021,2,NBSW-03-02-BIW,LEBI,0,0,A,A,A,A,0,A,A,A,A,A,0,<50,N,"Did not indicate prev_point, deduced N based on data/time"
NB,SW,03,NBSW-03,BIW,2021,2,NBSW-03-02-BIW,SORA,0,0,0,0,0,0,0,0,0,0,0,A,0,>100,N,"Did not indicate prev_point, deduced N based on data/time"
NB,SW,03,NBSW-03,BIW,2021,2,NBSW-03-02-BIW,PBGR,0,0,0,0,0,0,0,0,0,0,0,0,V,>100,N,"Did not indicate prev_point, deduced N based on data/time; adult + 6 juvenile"
NB,SW,03,NBSW-03,BIW,2021,2,NBSW-03-02-BIW,VIRA,0,0,0,0,0,0,0,0,0,0,0,0,AV,>100,N,"Did not indicate prev_point, deduced N based on data/time"
NB,SW,03,NBSW-03,BIW,2021,2,NBSW-03-02-BIW,COGA,0,0,0,0,0,0,0,0,0,0,0,0,V,50-100,N,"Did not indicate prev_point, deduced N based on data/time"
NB,38,01,NB38-01,ADC,2021,1,NB38-01-01-ADC,SORA,0,0,0,0,0,A,0,0,0,0,0,0,0,50-100,N,
NB,38,01,NB38-01,ADC,2021,1,NB38-01-01-ADC,AMBI,0,0,0,0,0,0,0,A,0,0,0,0,0,<50,N,
NB,38,01,NB38-01,ADC,2021,1,NB38-01-01-ADC,WILL,0,0,0,0,0,0,0,0,V,0,0,0,0,50-100,N,flew over trailling N
NB,38,02,NB38-02,ADC,2021,1,NB38-02-01-ADC,AMBI,0,0,0,0,A,0,0,0,0,0,0,0,0,50-100,N,
NB,38,02,NB38-02,ADC,2021,1,NB38-02-01-ADC,SORA,0,0,A,0,0,0,0,0,0,0,0,0,0,50-100,N,
NB,38,02,NB38-02,ADC,2021,1,NB38-02-01-ADC,PBGR,0,0,0,0,0,0,0,V,0,0,0,0,0,50-100,N,with 3 chicks
NB,38,02,NB38-02,ADC,2021,1,NB38-02-01-ADC,SORA,0,0,0,0,0,0,0,0,A,0,0,0,0,50-100,N,
NB,38,03,NB38-03,ADC,2021,1,NB38-03-01-ADC,PBGR,0,0,0,0,0,0,0,0,0,0,V,0,0,50-100,Y,
NB,38,05,NB38-05,ADC,2021,1,NB38-05-01-ADC,SORA,0,0,A,0,0,0,0,0,0,0,0,0,0,50-100,NA,Did not indicate prev_point
NB,38,06,NB38-06,ADC,2021,1,NB38-06-01-ADC,AMBI,0,0,0,A,0,0,0,0,0,0,0,0,0,50-100,N,approx. 100m
NB,38,06,NB38-06,ADC,2021,1,NB38-06-01-ADC,PBGR,0,A,0,0,0,0,0,0,0,0,0,0,0,50-100,NA,Did not indicate prev_point
NB,38,07,NB38-07,ADC,2021,1,NB38-07-01-ADC,NESP,0,0,0,0,0,0,0,0,A,0,0,0,0,>100,N,
NB,38,07,NB38-07,ADC,2021,1,NB38-07-01-ADC,PBGR,0,0,0,0,0,0,0,0,0,0,0,V,0,<50,Y,
NB,SV,04,NBSV-04,AP,2021,1,NBSV-04-01-AP,PBGR,A,0,0,0,0,0,0,0,0,0,0,0,0,>100,N,
NB,SV,04,NBSV-04,AP,2021,1,NBSV-04-01-AP,NESP,0,0,0,0,A,0,0,0,0,0,0,0,A,50-100,N,
NB,SV,04,NBSV-04,AP,2021,1,NBSV-04-01-AP,VIRA,0,0,0,0,0,0,0,0,0,0,0,0,A,>100,N,
NB,SV,04,NBSV-04,AP,2021,1,NBSV-04-01-AP,NESP,0,0,0,0,0,0,0,0,0,0,0,0,A,>100,N,
NB,SV,05,NBSV-05,AP,2021,1,NBSV-05-01-AP,PBGR,A,0,A,A,0,0,0,0,0,0,A,0,0,>100,Y,
NB,SV,04,NBSV-04,AP,2021,2,NBSV-04-02-AP,AMBI,0,V,0,0,0,0,0,0,0,0,0,0,0,>100,N,"fly by, and didn't see very well, so some margin of error"
NB,SV,04,NBSV-04,AP,2021,2,NBSV-04-02-AP,NESP,0,0,0,0,0,0,0,0,0,0,0,A,0,>100,N,
NB,SV,04,NBSV-04,AP,2021,2,NBSV-04-02-AP,NESP,0,0,0,0,0,0,0,0,0,0,0,A,A,50-100,N,
NB,SV,04,NBSV-04,AP,2021,2,NBSV-04-02-AP,NESP,0,0,0,0,0,0,0,0,0,0,0,A,A,50-100,N,
NB,SV,04,NBSV-04,AP,2021,2,NBSV-04-02-AP,NESP,0,0,0,0,0,0,0,0,0,0,0,AV,A,<50,N,photo and sound recording obtained
NB,SR,04,NBSR-04,CAC,2021,1,NBSR-04-01-CAC,AMCO,0,0,0,0,0,0,0,0,A,A,A,A,A,50-100,N,
NB,SR,01,NBSR-01,CAC,2021,2,NBSR-01-02-CAC,NESP,0,0,0,0,0,0,0,A,A,A,A,AV,AV,<50,N,
NB,36,01,NB36-01,KAP,2021,1,NB36-01-01-KAP,SORA,0,0,A,0,0,0,0,0,0,0,0,0,0,50-100,N,
NB,36,01,NB36-01,KAP,2021,1,NB36-01-01-KAP,SORA,0,0,0,A,0,0,0,0,0,0,0,0,0,<50,N,
NB,36,01,NB36-01,KAP,2021,1,NB36-01-01-KAP,AMBI,0,0,0,0,A,0,0,0,0,0,0,0,0,50-100,N,
NB,36,01,NB36-01,KAP,2021,1,NB36-01-01-KAP,VIRA,0,0,0,0,0,0,0,0,A,0,0,0,0,50-100,N,
NB,36,01,NB36-01,KAP,2021,1,NB36-01-01-KAP,PBGR,0,0,0,0,0,0,0,0,0,0,A,0,0,>100,N,
NB,36,01,NB36-01,KAP,2021,2,NB36-01-02-KAP,VIRA,0,0,0,0,0,0,0,0,A,0,0,0,0,<50,N,"respond. ""bugs, frog"" written at bottom of page"
NB,36,02,NB36-02,KAP,2021,1,NB36-02-01-KAP,AMBI,0,0,0,0,0,0,0,0,0,0,V,0,0,50-100,N,"2 ind. flying together in circle low over marsh, pair with other obs"
NB,36,02,NB36-02,KAP,2021,1,NB36-02-01-KAP,AMBI,0,0,0,0,0,0,0,0,0,0,V,0,0,50-100,N,"2 ind. flying together in circle low over marsh, pair with other obs"
NB,36,02,NB36-02,KAP,2021,2,NB36-02-02-KAP,VIRA,0,0,0,0,0,0,0,0,A,0,0,0,0,<50,N,respond
NB,36,03,NB36-03,KAP,2021,2,NB36-03-02-KAP,MAWR,A,0,0,0,0,0,0,0,0,0,0,0,0,NA,NA,MAWR heard  (R) en route to #3 to (R) of Road
NB,36,03,NB36-03,KAP,2021,2,NB36-03-02-KAP,SORA,0,0,0,0,0,0,0,0,0,A,0,0,0,>100,N,
NB,36,03,NB36-03,KAP,2021,2,NB36-03-02-KAP,SORA,0,0,0,0,0,0,0,0,0,0,A,0,A,<50,N,
NB,36,04,NB36-04,KAP,2021,2,NB36-04-02-KAP,SORA,0,A,0,0,0,0,0,0,0,0,0,0,0,>100,Y,
NB,36,04,NB36-04,KAP,2021,2,NB36-04-02-KAP,SORA,0,0,0,0,0,0,0,0,0,A,0,0,A,50-100,N,
NB,36,05,NB36-05,KAP,2021,2,NB36-05-02-KAP,SORA,0,0,0,0,0,0,0,0,0,0,0,A,0,>100,N,
NB,36,05,NB36-05,KAP,2021,2,NB36-05-02-KAP,SORA,0,0,0,0,0,0,0,0,0,0,0,0,A,<50,N,
NB,36,06,NB36-06,KAP,2021,2,NB36-06-02-KAP,SORA,0,0,0,0,0,0,0,0,A,0,0,0,0,>100,NA,Did not indicate prev_point
PE,13,02,PE13-02,DAJ,2021,1,PE13-02-01-DAJ,AMBI,0,0,0,0,A,0,0,0,0,0,0,A,0,>100,Y,could be out of range
PE,13,03,PE13-03,DAJ,2021,1,PE13-03-01-DAJ,AMBI,A,A,A,A,A,A,A,A,A,0,0,A,0,<50,N,
PE,13,04,PE13-04,DAJ,2021,1,PE13-04-01-DAJ,NESP,A,A,A,A,0,0,0,0,0,0,0,0,0,,N,did not indicate distance
PE,13,04,PE13-04,DAJ,2021,1,PE13-04-01-DAJ,AMBI,0,0,0,0,0,A,0,0,0,A,0,0,0,50-100,Y,
PE,13,04,PE13-04,DAJ,2021,1,PE13-04-01-DAJ,AMBI,0,0,0,0,0,0,0,0,0,0,0,A,0,50-100,N,
PE,13,05,PE13-05,DAJ,2021,1,PE13-05-01-DAJ,AMBI,A,0,A,A,A,0,0,0,0,0,0,0,0,>100,,did not indicate prev_point
PE,03,03,PE03-03,DAJ,2021,1,PE03-03-01-DAJ,SORA,0,0,0,0,0,0,0,0,0,A,0,0,A,<50,N,Note says second sora called @ end of survey
PE,11,02,PE11-02,DAJ,2021,1,PE11-02-01-DAJ,SORA,0,0,A,A,A,0,0,0,0,0,0,0,0,<50,N,
PE,11,02,PE11-02,DAJ,2021,1,PE11-02-01-DAJ,PBGR,0,0,0,0,A,A,0,0,0,0,0,A,0,50-100,N,
PE,11,03,PE11-03,DAJ,2021,1,PE11-03-01-DAJ,PBGR,0,0,0,0,0,0,0,0,0,A,A,0,0,>100,Y,
PE,11,04,PE11-04,DAJ,2021,1,PE11-04-01-DAJ,PBGR,A,0,A,A,A,A,A,A,A,0,A,A,0,<50,Y,
PE,11,04,PE11-04,DAJ,2021,1,PE11-04-01-DAJ,PBGR,0,0,A,0,0,0,0,A,0,0,A,0,0,>100,Y,
PE,11,04,PE11-04,DAJ,2021,1,PE11-04-01-DAJ,PBGR,0,0,0,0,0,0,0,A,0,0,A,0,0,>100,Y,
PE,11,08,PE11-08,DAJ,2021,1,PE11-08-01-DAJ,SORA,A,A,A,A,A,A,0,0,A,A,A,A,0,50-100,N,
PE,11,08,PE11-08,DAJ,2021,1,PE11-08-01-DAJ,SORA,0,0,0,0,0,0,0,0,0,A,0,AV,0,>100,N,
PE,11,09,PE11-09,DAJ,2021,1,PE11-09-01-DAJ,PBGR,A,A,A,0,0,0,0,0,0,A,A,0,0,<50,N,
PE,11,09,PE11-09,DAJ,2021,1,PE11-09-01-DAJ,SORA,0,0,0,A,0,0,0,0,0,0,0,A,0,<50,N,
PE,11,09,PE11-09,DAJ,2021,1,PE11-09-01-DAJ,SORA,0,0,0,0,0,0,0,0,0,A,A,A,0,>100,N,
PE,11,10,PE11-10,DAJ,2021,1,PE11-10-01-DAJ,SORA,0,0,0,0,0,A,A,0,A,A,A,0,0,50-100,Y,
PE,11,10,PE11-10,DAJ,2021,1,PE11-10-01-DAJ,SORA,0,0,0,0,0,0,0,0,0,A,0,0,0,50-100,N,
PE,11,10,PE11-10,DAJ,2021,1,PE11-10-01-DAJ,PBGR,0,0,0,0,0,0,0,0,0,0,0,V,0,50-100,N,
PE,11,02,PE11-02,DAJ,2021,2,PE11-02-02-DAJ,SORA,0,0,0,0,0,0,0,0,0,A,0,0,0,<50,N,
PE,11,02,PE11-02,DAJ,2021,2,PE11-02-02-DAJ,PBGR,0,0,0,0,0,0,A,A,A,A,AV,AV,0,<50,N,
PE,11,02,PE11-02,DAJ,2021,2,PE11-02-02-DAJ,PBGR,0,0,0,0,0,0,0,0,0,0,0,A,0,>100,N,
PE,11,03,PE11-03,DAJ,2021,2,PE11-03-02-DAJ,PBGR,0,0,0,0,0,0,0,0,0,0,0,A,0,50-100,N,
PE,11,08,PE11-08,DAJ,2021,2,PE11-08-02-DAJ,PBGR,0,0,0,0,0,A,0,0,0,0,0,0,0,>100,N,
PE,11,08,PE11-08,DAJ,2021,2,PE11-08-02-DAJ,PBGR,0,0,0,0,0,0,0,0,0,A,0,0,0,>100,N,
PE,11,09,PE11-09,DAJ,2021,2,PE11-09-02-DAJ,SORA,0,0,0,0,0,0,0,0,0,A,0,0,0,<50,N,
PE,11,10,PE11-10,DAJ,2021,2,PE11-10-02-DAJ,SORA,0,A,A,A,A,0,0,0,0,0,0,0,0,50-100,N,
PE,11,10,PE11-10,DAJ,2021,2,PE11-10-02-DAJ,PBGR,0,0,0,0,0,V,0,0,0,0,0,A,0,50-100,N,
PE,11,10,PE11-10,DAJ,2021,2,PE11-10-02-DAJ,PBGR,0,0,0,0,0,0,0,0,0,0,A,0,0,>100,N,
,,,,,,,,,,,,,,,,,,,,,,,,
,,,,,,,,,,,,,,,,,,,,,,,,
,,,,,,,,,,,,,,,,,,,,,,,,
,,,,,,,,,,,,,,,,,,,,,,,,
,,,,,,,,,,,,,,,,,,,,,,,,
,,,,,,,,,,,,,,,,,,,,,,,,
,,,,,,,,,,,,,,,,,,,,,,,,
,,,,,,,,,,,,,,,,,,,,,,,,
,,,,,,,,,,,,,,,,,,,,,,,,
,,,,,,,,,,,,,,,,,,,,,,,,
,,,,,,,,,,,,,,,,,,,,,,,,
,,,,,,,,,,,,,,,,,,,,,,,,
,,,,,,,,,,,,,,,,,,,,,,,,
,,,,,,,,,,,,,,,,,,,,,,,,
,,,,,,,,,,,,,,,,,,,,,,,,
,,,,,,,,,,,,,,,,,,,,,,,,
,,,,,,,,,,,,,,,,,,,,,,,,
,,,,,,,,,,,,,,,,,,,,,,,,
,,,,,,,,,,,,,,,,,,,,,,,,
,,,,,,,,,,,,,,,,,,,,,,,,
,,,,,,,,,,,,,,,,,,,,,,,,
,,,,,,,,,,,,,,,,,,,,,,,,
,,,,,,,,,,,,,,,,,,,,,,,,
,,,,,,,,,,,,,,,,,,,,,,,,
,,,,,,,,,,,,,,,,,,,,,,,,
,,,,,,,,,,,,,,,,,,,,,,,,
,,,,,,,,,,,,,,,,,,,,,,,,
,,,,,,,,,,,,,,,,,,,,,,,,
,,,,,,,,,,,,,,,,,,,,,,,,
,,,,,,,,,,,,,,,,,,,,,,,,
,,,,,,,,,,,,,,,,,,,,,,,,
,,,,,,,,,,,,,,,,,,,,,,,,
,,,,,,,,,,,,,,,,,,,,,,,,
,,,,,,,,,,,,,,,,,,,,,,,,
,,,,,,,,,,,,,,,,,,,,,,,,
,,,,,,,,,,,,,,,,,,,,,,,,
,,,,,,,,,,,,,,,,,,,,,,,,
,,,,,,,,,,,,,,,,,,,,,,,,
,,,,,,,,,,,,,,,,,,,,,,,,
,,,,,,,,,,,,,,,,,,,,,,,,
,,,,,,,,,,,,,,,,,,,,,,,,
,,,,,,,,,,,,,,,,,,,,,,,,
,,,,,,,,,,,,,,,,,,,,,,,,
,,,,,,,,,,,,,,,,,,,,,,,,
,,,,,,,,,,,,,,,,,,,,,,,,
,,,,,,,,,,,,,,,,,,,,,,,,
,,,,,,,,,,,,,,,,,,,,,,,,
,,,,,,,,,,,,,,,,,,,,,,,,
,,,,,,,,,,,,,,,,,,,,,,,,
,,,,,,,,,,,,,,,,,,,,,,,,
,,,,,,,,,,,,,,,,,,,,,,,,
,,,,,,,,,,,,,,,,,,,,,,,,
,,,,,,,,,,,,,,,,,,,,,,,,
,,,,,,,,,,,,,,,,,,,,,,,,
,,,,,,,,,,,,,,,,,,,,,,,,
,,,,,,,,,,,,,,,,,,,,,,,,
,,,,,,,,,,,,,,,,,,,,,,,,
,,,,,,,,,,,,,,,,,,,,,,,,
,,,,,,,,,,,,,,,,,,,,,,,,
,,,,,,,,,,,,,,,,,,,,,,,,
,,,,,,,,,,,,,,,,,,,,,,,,
,,,,,,,,,,,,,,,,,,,,,,,,
,,,,,,,,,,,,,,,,,,,,,,,,
,,,,,,,,,,,,,,,,,,,,,,,,
,,,,,,,,,,,,,,,,,,,,,,,,
,,,,,,,,,,,,,,,,,,,,,,,,
,,,,,,,,,,,,,,,,,,,,,,,,
,,,,,,,,,,,,,,,,,,,,,,,,
,,,,,,,,,,,,,,,,,,,,,,,,
,,,,,,,,,,,,,,,,,,,,,,,,
,,,,,,,,,,,,,,,,,,,,,,,,
,,,,,,,,,,,,,,,,,,,,,,,,
,,,,,,,,,,,,,,,,,,,,,,,,
,,,,,,,,,,,,,,,,,,,,,,,,
,,,,,,,,,,,,,,,,,,,,,,,,
,,,,,,,,,,,,,,,,,,,,,,,,
,,,,,,,,,,,,,,,,,,,,,,,,
,,,,,,,,,,,,,,,,,,,,,,,,
,,,,,,,,,,,,,,,,,,,,,,,,
,,,,,,,,,,,,,,,,,,,,,,,,
,,,,,,,,,,,,,,,,,,,,,,,,
,,,,,,,,,,,,,,,,,,,,,,,,
,,,,,,,,,,,,,,,,,,,,,,,,
,,,,,,,,,,,,,,,,,,,,,,,,
,,,,,,,,,,,,,,,,,,,,,,,,
,,,,,,,,,,,,,,,,,,,,,,,,
,,,,,,,,,,,,,,,,,,,,,,,,
,,,,,,,,,,,,,,,,,,,,,,,,
,,,,,,,,,,,,,,,,,,,,,,,,
,,,,,,,,,,,,,,,,,,,,,,,,
,,,,,,,,,,,,,,,,,,,,,,,,
,,,,,,,,,,,,,,,,,,,,,,,,
,,,,,,,,,,,,,,,,,,,,,,,,
,,,,,,,,,,,,,,,,,,,,,,,,
,,,,,,,,,,,,,,,,,,,,,,,,
,,,,,,,,,,,,,,,,,,,,,,,,
,,,,,,,,,,,,,,,,,,,,,,,,
,,,,,,,,,,,,,,,,,,,,,,,,
,,,,,,,,,,,,,,,,,,,,,,,,
,,,,,,,,,,,,,,,,,,,,,,,,
,,,,,,,,,,,,,,,,,,,,,,,,
,,,,,,,,,,,,,,,,,,,,,,,,
,,,,,,,,,,,,,,,,,,,,,,,,
,,,,,,,,,,,,,,,,,,,,,,,,
,,,,,,,,,,,,,,,,,,,,,,,,
,,,,,,,,,,,,,,,,,,,,,,,,
,,,,,,,,,,,,,,,,,,,,,,,,
,,,,,,,,,,,,,,,,,,,,,,,,
,,,,,,,,,,,,,,,,,,,,,,,,
,,,,,,,,,,,,,,,,,,,,,,,,
,,,,,,,,,,,,,,,,,,,,,,,,
,,,,,,,,,,,,,,,,,,,,,,,,
,,,,,,,,,,,,,,,,,,,,,,,,
,,,,,,,,,,,,,,,,,,,,,,,,
,,,,,,,,,,,,,,,,,,,,,,,,
,,,,,,,,,,,,,,,,,,,,,,,,
,,,,,,,,,,,,,,,,,,,,,,,,
,,,,,,,,,,,,,,,,,,,,,,,,
,,,,,,,,,,,,,,,,,,,,,,,,
,,,,,,,,,,,,,,,,,,,,,,,,
,,,,,,,,,,,,,,,,,,,,,,,,
,,,,,,,,,,,,,,,,,,,,,,,,
,,,,,,,,,,,,,,,,,,,,,,,,
,,,,,,,,,,,,,,,,,,,,,,,,
,,,,,,,,,,,,,,,,,,,,,,,,
,,,,,,,,,,,,,,,,,,,,,,,,
,,,,,,,,,,,,,,,,,,,,,,,,
,,,,,,,,,,,,,,,,,,,,,,,,
,,,,,,,,,,,,,,,,,,,,,,,,
,,,,,,,,,,,,,,,,,,,,,,,,
,,,,,,,,,,,,,,,,,,,,,,,,
,,,,,,,,,,,,,,,,,,,,,,,,
,,,,,,,,,,,,,,,,,,,,,,,,
,,,,,,,,,,,,,,,,,,,,,,,,
,,,,,,,,,,,,,,,,,,,,,,,,
,,,,,,,,,,,,,,,,,,,,,,,,
,,,,,,,,,,,,,,,,,,,,,,,,
,,,,,,,,,,,,,,,,,,,,,,,,
,,,,,,,,,,,,,,,,,,,,,,,,
,,,,,,,,,,,,,,,,,,,,,,,,
,,,,,,,,,,,,,,,,,,,,,,,,
,,,,,,,,,,,,,,,,,,,,,,,,
,,,,,,,,,,,,,,,,,,,,,,,,
,,,,,,,,,,,,,,,,,,,,,,,,
,,,,,,,,,,,,,,,,,,,,,,,,
,,,,,,,,,,,,,,,,,,,,,,,,
,,,,,,,,,,,,,,,,,,,,,,,,
,,,,,,,,,,,,,,,,,,,,,,,,
,,,,,,,,,,,,,,,,,,,,,,,,
,,,,,,,,,,,,,,,,,,,,,,,,
,,,,,,,,,,,,,,,,,,,,,,,,
,,,,,,,,,,,,,,,,,,,,,,,,
,,,,,,,,,,,,,,,,,,,,,,,,
,,,,,,,,,,,,,,,,,,,,,,,,
,,,,,,,,,,,,,,,,,,,,,,,,
,,,,,,,,,,,,,,,,,,,,,,,,
,,,,,,,,,,,,,,,,,,,,,,,,
,,,,,,,,,,,,,,,,,,,,,,,,
,,,,,,,,,,,,,,,,,,,,,,,,
,,,,,,,,,,,,,,,,,,,,,,,,
,,,,,,,,,,,,,,,,,,,,,,,,
,,,,,,,,,,,,,,,,,,,,,,,,
,,,,,,,,,,,,,,,,,,,,,,,,
,,,,,,,,,,,,,,,,,,,,,,,,
,,,,,,,,,,,,,,,,,,,,,,,,
,,,,,,,,,,,,,,,,,,,,,,,,
,,,,,,,,,,,,,,,,,,,,,,,,
,,,,,,,,,,,,,,,,,,,,,,,,
,,,,,,,,,,,,,,,,,,,,,,,,
,,,,,,,,,,,,,,,,,,,,,,,,
,,,,,,,,,,,,,,,,,,,,,,,,
,,,,,,,,,,,,,,,,,,,,,,,,
,,,,,,,,,,,,,,,,,,,,,,,,
,,,,,,,,,,,,,,,,,,,,,,,,
,,,,,,,,,,,,,,,,,,,,,,,,
,,,,,,,,,,,,,,,,,,,,,,,,
,,,,,,,,,,,,,,,,,,,,,,,,
,,,,,,,,,,,,,,,,,,,,,,,,
,,,,,,,,,,,,,,,,,,,,,,,,
,,,,,,,,,,,,,,,,,,,,,,,,
,,,,,,,,,,,,,,,,,,,,,,,,
,,,,,,,,,,,,,,,,,,,,,,,,
,,,,,,,,,,,,,,,,,,,,,,,,
,,,,,,,,,,,,,,,,,,,,,,,,
,,,,,,,,,,,,,,,,,,,,,,,,
,,,,,,,,,,,,,,,,,,,,,,,,
,,,,,,,,,,,,,,,,,,,,,,,,
,,,,,,,,,,,,,,,,,,,,,,,,
,,,,,,,,,,,,,,,,,,,,,,,,
,,,,,,,,,,,,,,,,,,,,,,,,
,,,,,,,,,,,,,,,,,,,,,,,,
,,,,,,,,,,,,,,,,,,,,,,,,
,,,,,,,,,,,,,,,,,,,,,,,,
,,,,,,,,,,,,,,,,,,,,,,,,
,,,,,,,,,,,,,,,,,,,,,,,,
,,,,,,,,,,,,,,,,,,,,,,,,
,,,,,,,,,,,,,,,,,,,,,,,,
,,,,,,,,,,,,,,,,,,,,,,,,
,,,,,,,,,,,,,,,,,,,,,,,,
,,,,,,,,,,,,,,,,,,,,,,,,
,,,,,,,,,,,,,,,,,,,,,,,,
,,,,,,,,,,,,,,,,,,,,,,,,
,,,,,,,,,,,,,,,,,,,,,,,,
,,,,,,,,,,,,,,,,,,,,,,,,
,,,,,,,,,,,,,,,,,,,,,,,,
,,,,,,,,,,,,,,,,,,,,,,,,
,,,,,,,,,,,,,,,,,,,,,,,,
,,,,,,,,,,,,,,,,,,,,,,,,
,,,,,,,,,,,,,,,,,,,,,,,,
,,,,,,,,,,,,,,,,,,,,,,,,
,,,,,,,,,,,,,,,,,,,,,,,,
,,,,,,,,,,,,,,,,,,,,,,,,
,,,,,,,,,,,,,,,,,,,,,,,,
,,,,,,,,,,,,,,,,,,,,,,,,
,,,,,,,,,,,,,,,,,,,,,,,,
,,,,,,,,,,,,,,,,,,,,,,,,
,,,,,,,,,,,,,,,,,,,,,,,,
,,,,,,,,,,,,,,,,,,,,,,,,
,,,,,,,,,,,,,,,,,,,,,,,,
,,,,,,,,,,,,,,,,,,,,,,,,
,,,,,,,,,,,,,,,,,,,,,,,,
,,,,,,,,,,,,,,,,,,,,,,,,
,,,,,,,,,,,,,,,,,,,,,,,,
,,,,,,,,,,,,,,,,,,,,,,,,
,,,,,,,,,,,,,,,,,,,,,,,,
,,,,,,,,,,,,,,,,,,,,,,,,
,,,,,,,,,,,,,,,,,,,,,,,,
,,,,,,,,,,,,,,,,,,,,,,,,
,,,,,,,,,,,,,,,,,,,,,,,,
,,,,,,,,,,,,,,,,,,,,,,,,
,,,,,,,,,,,,,,,,,,,,,,,,
,,,,,,,,,,,,,,,,,,,,,,,,
,,,,,,,,,,,,,,,,,,,,,,,,
,,,,,,,,,,,,,,,,,,,,,,,,
,,,,,,,,,,,,,,,,,,,,,,,,
,,,,,,,,,,,,,,,,,,,,,,,,
,,,,,,,,,,,,,,,,,,,,,,,,
,,,,,,,,,,,,,,,,,,,,,,,,
,,,,,,,,,,,,,,,,,,,,,,,,
,,,,,,,,,,,,,,,,,,,,,,,,
,,,,,,,,,,,,,,,,,,,,,,,,
,,,,,,,,,,,,,,,,,,,,,,,,
,,,,,,,,,,,,,,,,,,,,,,,,
,,,,,,,,,,,,,,,,,,,,,,,,
,,,,,,,,,,,,,,,,,,,,,,,,
,,,,,,,,,,,,,,,,,,,,,,,,
,,,,,,,,,,,,,,,,,,,,,,,,
,,,,,,,,,,,,,,,,,,,,,,,,
,,,,,,,,,,,,,,,,,,,,,,,,
,,,,,,,,,,,,,,,,,,,,,,,,
,,,,,,,,,,,,,,,,,,,,,,,,
,,,,,,,,,,,,,,,,,,,,,,,,
,,,,,,,,,,,,,,,,,,,,,,,,
,,,,,,,,,,,,,,,,,,,,,,,,
,,,,,,,,,,,,,,,,,,,,,,,,
,,,,,,,,,,,,,,,,,,,,,,,,
,,,,,,,,,,,,,,,,,,,,,,,,
,,,,,,,,,,,,,,,,,,,,,,,,
,,,,,,,,,,,,,,,,,,,,,,,,
,,,,,,,,,,,,,,,,,,,,,,,,
,,,,,,,,,,,,,,,,,,,,,,,,
,,,,,,,,,,,,,,,,,,,,,,,,
,,,,,,,,,,,,,,,,,,,,,,,,
,,,,,,,,,,,,,,,,,,,,,,,,
,,,,,,,,,,,,,,,,,,,,,,,,
,,,,,,,,,,,,,,,,,,,,,,,,
,,,,,,,,,,,,,,,,,,,,,,,,
,,,,,,,,,,,,,,,,,,,,,,,,
,,,,,,,,,,,,,,,,,,,,,,,,
,,,,,,,,,,,,,,,,,,,,,,,,
,,,,,,,,,,,,,,,,,,,,,,,,
,,,,,,,,,,,,,,,,,,,,,,,,
,,,,,,,,,,,,,,,,,,,,,,,,
,,,,,,,,,,,,,,,,,,,,,,,,
,,,,,,,,,,,,,,,,,,,,,,,,
,,,,,,,,,,,,,,,,,,,,,,,,
,,,,,,,,,,,,,,,,,,,,,,,,
,,,,,,,,,,,,,,,,,,,,,,,,
,,,,,,,,,,,,,,,,,,,,,,,,
,,,,,,,,,,,,,,,,,,,,,,,,
,,,,,,,,,,,,,,,,,,,,,,,,
,,,,,,,,,,,,,,,,,,,,,,,,
,,,,,,,,,,,,,,,,,,,,,,,,
,,,,,,,,,,,,,,,,,,,,,,,,
,,,,,,,,,,,,,,,,,,,,,,,,
,,,,,,,,,,,,,,,,,,,,,,,,
,,,,,,,,,,,,,,,,,,,,,,,,
,,,,,,,,,,,,,,,,,,,,,,,,
,,,,,,,,,,,,,,,,,,,,,,,,
,,,,,,,,,,,,,,,,,,,,,,,,
,,,,,,,,,,,,,,,,,,,,,,,,
,,,,,,,,,,,,,,,,,,,,,,,,
,,,,,,,,,,,,,,,,,,,,,,,,
,,,,,,,,,,,,,,,,,,,,,,,,
,,,,,,,,,,,,,,,,,,,,,,,,
,,,,,,,,,,,,,,,,,,,,,,,,
,,,,,,,,,,,,,,,,,,,,,,,,
,,,,,,,,,,,,,,,,,,,,,,,,
,,,,,,,,,,,,,,,,,,,,,,,,
,,,,,,,,,,,,,,,,,,,,,,,,
,,,,,,,,,,,,,,,,,,,,,,,,
,,,,,,,,,,,,,,,,,,,,,,,,
,,,,,,,,,,,,,,,,,,,,,,,,
,,,,,,,,,,,,,,,,,,,,,,,,
,,,,,,,,,,,,,,,,,,,,,,,,
,,,,,,,,,,,,,,,,,,,,,,,,
,,,,,,,,,,,,,,,,,,,,,,,,
,,,,,,,,,,,,,,,,,,,,,,,,
,,,,,,,,,,,,,,,,,,,,,,,,
,,,,,,,,,,,,,,,,,,,,,,,,
,,,,,,,,,,,,,,,,,,,,,,,,
,,,,,,,,,,,,,,,,,,,,,,,,
,,,,,,,,,,,,,,,,,,,,,,,,
,,,,,,,,,,,,,,,,,,,,,,,,
,,,,,,,,,,,,,,,,,,,,,,,,
,,,,,,,,,,,,,,,,,,,,,,,,
,,,,,,,,,,,,,,,,,,,,,,,,
,,,,,,,,,,,,,,,,,,,,,,,,
,,,,,,,,,,,,,,,,,,,,,,,,
,,,,,,,,,,,,,,,,,,,,,,,,
,,,,,,,,,,,,,,,,,,,,,,,,
,,,,,,,,,,,,,,,,,,,,,,,,
,,,,,,,,,,,,,,,,,,,,,,,,
,,,,,,,,,,,,,,,,,,,,,,,,
,,,,,,,,,,,,,,,,,,,,,,,,
,,,,,,,,,,,,,,,,,,,,,,,,
,,,,,,,,,,,,,,,,,,,,,,,,
,,,,,,,,,,,,,,,,,,,,,,,,
,,,,,,,,,,,,,,,,,,,,,,,,
,,,,,,,,,,,,,,,,,,,,,,,,
,,,,,,,,,,,,,,,,,,,,,,,,
,,,,,,,,,,,,,,,,,,,,,,,,
,,,,,,,,,,,,,,,,,,,,,,,,
,,,,,,,,,,,,,,,,,,,,,,,,
,,,,,,,,,,,,,,,,,,,,,,,,
,,,,,,,,,,,,,,,,,,,,,,,,
,,,,,,,,,,,,,,,,,,,,,,,,
,,,,,,,,,,,,,,,,,,,,,,,,
,,,,,,,,,,,,,,,,,,,,,,,,
,,,,,,,,,,,,,,,,,,,,,,,,
,,,,,,,,,,,,,,,,,,,,,,,,
,,,,,,,,,,,,,,,,,,,,,,,,
,,,,,,,,,,,,,,,,,,,,,,,,
,,,,,,,,,,,,,,,,,,,,,,,,
,,,,,,,,,,,,,,,,,,,,,,,,
,,,,,,,,,,,,,,,,,,,,,,,,
,,,,,,,,,,,,,,,,,,,,,,,,
,,,,,,,,,,,,,,,,,,,,,,,,
,,,,,,,,,,,,,,,,,,,,,,,,
,,,,,,,,,,,,,,,,,,,,,,,,
,,,,,,,,,,,,,,,,,,,,,,,,
,,,,,,,,,,,,,,,,,,,,,,,,
,,,,,,,,,,,,,,,,,,,,,,,,
,,,,,,,,,,,,,,,,,,,,,,,,
,,,,,,,,,,,,,,,,,,,,,,,,
,,,,,,,,,,,,,,,,,,,,,,,,
,,,,,,,,,,,,,,,,,,,,,,,,
,,,,,,,,,,,,,,,,,,,,,,,,
,,,,,,,,,,,,,,,,,,,,,,,,
,,,,,,,,,,,,,,,,,,,,,,,,
,,,,,,,,,,,,,,,,,,,,,,,,
,,,,,,,,,,,,,,,,,,,,,,,,
,,,,,,,,,,,,,,,,,,,,,,,,
,,,,,,,,,,,,,,,,,,,,,,,,
,,,,,,,,,,,,,,,,,,,,,,,,
,,,,,,,,,,,,,,,,,,,,,,,,
,,,,,,,,,,,,,,,,,,,,,,,,
,,,,,,,,,,,,,,,,,,,,,,,,
,,,,,,,,,,,,,,,,,,,,,,,,
,,,,,,,,,,,,,,,,,,,,,,,,
,,,,,,,,,,,,,,,,,,,,,,,,
,,,,,,,,,,,,,,,,,,,,,,,,
,,,,,,,,,,,,,,,,,,,,,,,,
,,,,,,,,,,,,,,,,,,,,,,,,
,,,,,,,,,,,,,,,,,,,,,,,,
,,,,,,,,,,,,,,,,,,,,,,,,
,,,,,,,,,,,,,,,,,,,,,,,,
,,,,,,,,,,,,,,,,,,,,,,,,
,,,,,,,,,,,,,,,,,,,,,,,,
,,,,,,,,,,,,,,,,,,,,,,,,
,,,,,,,,,,,,,,,,,,,,,,,,
,,,,,,,,,,,,,,,,,,,,,,,,
,,,,,,,,,,,,,,,,,,,,,,,,
,,,,,,,,,,,,,,,,,,,,,,,,
,,,,,,,,,,,,,,,,,,,,,,,,
,,,,,,,,,,,,,,,,,,,,,,,,
,,,,,,,,,,,,,,,,,,,,,,,,
,,,,,,,,,,,,,,,,,,,,,,,,
,,,,,,,,,,,,,,,,,,,,,,,,
,,,,,,,,,,,,,,,,,,,,,,,,
,,,,,,,,,,,,,,,,,,,,,,,,
,,,,,,,,,,,,,,,,,,,,,,,,
,,,,,,,,,,,,,,,,,,,,,,,,
,,,,,,,,,,,,,,,,,,,,,,,,
,,,,,,,,,,,,,,,,,,,,,,,,
,,,,,,,,,,,,,,,,,,,,,,,,
,,,,,,,,,,,,,,,,,,,,,,,,
,,,,,,,,,,,,,,,,,,,,,,,,
,,,,,,,,,,,,,,,,,,,,,,,,
,,,,,,,,,,,,,,,,,,,,,,,,
,,,,,,,,,,,,,,,,,,,,,,,,
,,,,,,,,,,,,,,,,,,,,,,,,
,,,,,,,,,,,,,,,,,,,,,,,,
,,,,,,,,,,,,,,,,,,,,,,,,
,,,,,,,,,,,,,,,,,,,,,,,,
,,,,,,,,,,,,,,,,,,,,,,,,
,,,,,,,,,,,,,,,,,,,,,,,,
,,,,,,,,,,,,,,,,,,,,,,,,
,,,,,,,,,,,,,,,,,,,,,,,,
,,,,,,,,,,,,,,,,,,,,,,,,
,,,,,,,,,,,,,,,,,,,,,,,,
,,,,,,,,,,,,,,,,,,,,,,,,
,,,,,,,,,,,,,,,,,,,,,,,,
,,,,,,,,,,,,,,,,,,,,,,,,
,,,,,,,,,,,,,,,,,,,,,,,,
,,,,,,,,,,,,,,,,,,,,,,,,
,,,,,,,,,,,,,,,,,,,,,,,,
,,,,,,,,,,,,,,,,,,,,,,,,
,,,,,,,,,,,,,,,,,,,,,,,,
,,,,,,,,,,,,,,,,,,,,,,,,
,,,,,,,,,,,,,,,,,,,,,,,,
,,,,,,,,,,,,,,,,,,,,,,,,
,,,,,,,,,,,,,,,,,,,,,,,,
,,,,,,,,,,,,,,,,,,,,,,,,
,,,,,,,,,,,,,,,,,,,,,,,,
,,,,,,,,,,,,,,,,,,,,,,,,
,,,,,,,,,,,,,,,,,,,,,,,,
,,,,,,,,,,,,,,,,,,,,,,,,
,,,,,,,,,,,,,,,,,,,,,,,,
,,,,,,,,,,,,,,,,,,,,,,,,
,,,,,,,,,,,,,,,,,,,,,,,,
,,,,,,,,,,,,,,,,,,,,,,,,
,,,,,,,,,,,,,,,,,,,,,,,,
,,,,,,,,,,,,,,,,,,,,,,,,
,,,,,,,,,,,,,,,,,,,,,,,,
,,,,,,,,,,,,,,,,,,,,,,,,
,,,,,,,,,,,,,,,,,,,,,,,,
,,,,,,,,,,,,,,,,,,,,,,,,
,,,,,,,,,,,,,,,,,,,,,,,,
,,,,,,,,,,,,,,,,,,,,,,,,
,,,,,,,,,,,,,,,,,,,,,,,,
,,,,,,,,,,,,,,,,,,,,,,,,
,,,,,,,,,,,,,,,,,,,,,,,,
,,,,,,,,,,,,,,,,,,,,,,,,
,,,,,,,,,,,,,,,,,,,,,,,,
,,,,,,,,,,,,,,,,,,,,,,,,
,,,,,,,,,,,,,,,,,,,,,,,,
,,,,,,,,,,,,,,,,,,,,,,,,
,,,,,,,,,,,,,,,,,,,,,,,,
,,,,,,,,,,,,,,,,,,,,,,,,
,,,,,,,,,,,,,,,,,,,,,,,,
,,,,,,,,,,,,,,,,,,,,,,,,
,,,,,,,,,,,,,,,,,,,,,,,,
,,,,,,,,,,,,,,,,,,,,,,,,
,,,,,,,,,,,,,,,,,,,,,,,,
,,,,,,,,,,,,,,,,,,,,,,,,
,,,,,,,,,,,,,,,,,,,,,,,,
,,,,,,,,,,,,,,,,,,,,,,,,
,,,,,,,,,,,,,,,,,,,,,,,,
,,,,,,,,,,,,,,,,,,,,,,,,
,,02,,,,,,,,,,,,,,,,,,,,,,
