prov,route,point,pointID,route.name,UTM_Z,datum,UTM_E,UTM_N,lat,long,visit,visitID,obs,day,month,year,start,start.h,start.m,cloud,temp,ppt,wind,dir,bkgd,both.prim.sec,note,
NB,28,10,NB28-10,Beech Lake,,,,,,,2,NB28-10-02-LEB,LEB,14,7,2021,8:28,8,28,8,,0,3,S,1,Y,,
NB,28,09,NB28-09,Beech Lake,,,,,,,2,NB28-09-02-LEB,LEB,14,7,2021,8:06,8,06,9,,0,3,S,1,Y,,
NB,28,08,NB28-08,Beech Lake,,,,,,,2,NB28-08-02-LEB,LEB,14,7,2021,7:44,7,44,8,,0,3,S,1,Y,,
NB,28,07,NB28-07,Beech Lake,,,,,,,2,NB28-07-02-LEB,LEB,14,7,2021,7:22,7,22,8,,0,1,SE,1,Y,,
NB,28,06,NB28-06,Beech Lake,,,,,,,2,NB28-06-02-LEB,LEB,14,7,2021,7:00,7,00,7,,0,0,NA,1,Y,,
NB,28,05,NB28-05,Beech Lake,,,,,,,2,NB28-05-02-LEB,LEB,14,7,2021,6:37,6,37,8,,0,1,SE,1,Y,,
NB,28,04,NB28-04,Beech Lake,,,,,,,2,NB28-04-02-LEB,LEB,14,7,2021,6:14,6,14,8,,0,0,NA,1,Y,,
NB,28,03,NB28-03,Beech Lake,,,,,,,2,NB28-03-02-LEB,LEB,14,7,2021,5:52,5,52,8,,0,1,SE,0,Y,,
NB,28,01,NB28-01,Beech Lake,,,,,,,2,NB28-01-02-LEB,LEB,14,7,2021,5:23,5,23,8,,0,2,SE,0,Y,Point 2 excluded -- too close to points 1 and 3,
NB,37,01,NB37-01,Westcock,,,,,,,1,NB37-01-01-KIO,KIO,9,6,2021,5:00,5,00,6,,0,1,W,1,Y,,
NB,37,02,NB37-02,Westcock,,,,,,,1,NB37-02-01-KIO,KIO,9,6,2021,5:28,5,28,6,,0,1,W,1,Y,,
NB,37,03,NB37-03,Westcock,,,,,,,1,NB37-03-01-KIO,KIO,9,6,2021,5:50,5,50,10,,0,0,NA,1,Y,,
NB,37,04,NB37-04,Westcock,,,,,,,1,NB37-04-01-KIO,KIO,9,6,2021,6:12,6,12,10,,0,1,W,2,Y,,
NB,37,05,NB37-05,Westcock,,,,,,,1,NB37-05-01-KIO,KIO,9,6,2021,6:34,6,34,10,,0,1,W,2,Y,,
NB,37,06,NB37-06,Westcock,,,,,,,1,NB37-06-01-KIO,KIO,9,6,2021,6:57,6,57,10,,0,0,NA,2,Y,,
NB,37,07,NB37-07,Westcock,,,,,,,1,NB37-07-01-KIO,KIO,9,6,2021,7:20,7,20,10,,0,1,W,3,Y,,
NB,37,08,NB37-08,Westcock,,,,,,,1,NB37-08-01-KIO,KIO,9,6,2021,7:45,7,45,10,,0,2,W,1,Y,"Clouds darkening, rain over Dorchester",
NB,37,09,NB37-09,Westcock,,,,,,,1,NB37-09-01-KIO,KIO,9,6,2021,8:07,8,07,10,,0,1,W,1,Y,,
NB,37,10,NB37-10,Westcock,,,,,,,1,NB37-10-01-KIO,KIO,9,6,2021,8:29,8,29,8,,0,0,NA,1,Y,,
NB,35,01,NB35-01,Beaubassin,,,,,,,1,NB35-01-01-KIO,KIO,11,6,2021,5:05,5,05,0,,1,1,SW,2,Y,,
NB,35,02,NB35-02,Beaubassin,,,,,,,1,NB35-02-01-KIO,KIO,11,6,2021,5:36,5,36,1,,1,0,NA,3,Y,,
NB,35,03,NB35-03,Beaubassin,,,,,,,1,NB35-03-01-KIO,KIO,11,6,2021,6:10,6,10,1,,0,2,SW,4,Y,,
NB,35,04,NB35-04,Beaubassin,,,,,,,1,NB35-04-01-KIO,KIO,11,6,2021,6:35,6,35,1,,0,1,SW,1,Y,,
NB,35,05,NB35-05,Beaubassin,,,,,,,1,NB35-05-01-KIO,KIO,11,6,2021,7:03,7,03,1,,0,2,SW,1,Y,Noise 4 at 12 minutes due to train,
NB,35,06,NB35-06,Beaubassin,,,,,,,1,NB35-06-01-KIO,KIO,11,6,2021,7:30,7,30,1,,0,2,SW,0,Y,,
NB,35,07,NB35-07,Beaubassin,,,,,,,1,NB35-07-01-KIO,KIO,11,6,2021,8:16,8,16,2,,0,4,SW,1,Y,"Wind 5 by the end. This season have also been AMBI, BLTE, and MAWR but no luck today",
NB,38,07,NB38-07,Midgic,,,,,,,2,NB38-07-02-LMA,LMA,14,7,2021,8:34,8,34,6,,0,3,S,1,Y,,
NB,38,06,NB38-06,Midgic,,,,,,,2,NB38-06-02-LMA,LMA,14,7,2021,8:07,8,07,6,,0,1,var,1,Y,,
NB,38,05,NB38-05,Midgic,,,,,,,2,NB38-05-02-LMA,LMA,14,7,2021,7:28,7,28,5,,0,2,SW,1,Y,,
NB,38,04,NB38-04,Midgic,,,,,,,2,NB38-04-02-LMA,LMA,14,7,2021,7:04,7,04,5,,0,1,var,1,Y,,
NB,38,03,NB38-03,Midgic,,,,,,,2,NB38-03-02-LMA,LMA,14,7,2021,6:34,6,34,6,,0,1,var,1,Y,,
NB,38,02,NB38-02,Midgic,,,,,,,2,NB38-02-02-LMA,LMA,14,7,2021,6:05,6,05,7,,0,1,var,1,Y,,
NB,38,01,NB38-01,Midgic,,,,,,,2,NB38-01-02-LMA,LMA,14,7,2021,5:37,5,37,6,12,0,1,var,1,Y,,
NB,35,01,NB35-01,Beaubassin,,,,,,,2,NB35-01-02-LEB,LEB,13,7,2021,5:36,5,36,2,11,0,3,NA,3,Y,,
NB,35,02,NB35-02,Beaubassin,,,,,,,2,NB35-02-02-LEB,LEB,13,7,2021,6:09,6,09,1,12,0,1,E,4,Y,Non-stop semi trucks!,
NB,35,03,NB35-03,Beaubassin,,,,,,,2,NB35-03-02-LEB,LEB,13,7,2021,6:37,6,37,1,12,0,1,E,4,Y,,
NB,35,04,NB35-04,Beaubassin,,,,,,,2,NB35-04-02-LEB,LEB,13,7,2021,7:09,7,09,0,12,0,1,E,3,Y,,
NB,35,05,NB35-05,Beaubassin,,,,,,,2,NB35-05-02-LEB,LEB,13,7,2021,7:46,7,46,0,13,0,1,E,2,Y,Train! Min 2-5,
NB,35,06,NB35-06,Beaubassin,,,,,,,2,NB35-06-02-LEB,LEB,13,7,2021,8:06,8,06,0,12,0,2,SE,1,Y,,
NB,35,07,NB35-07,Beaubassin,,,,,,,2,NB35-07-02-LEB,LEB,13,7,2021,9:11,9,11,1,19,0,2,S,1,Y,,
NB,37,01,NB37-01,Westcock,,,,,,,2,NB37-01-02-LMA,LMA,13,7,2021,5:15,5,15,2,11,0,0,NA,1,Y,,
NB,37,02,NB37-02,Westcock,,,,,,,2,NB37-02-02-LMA,LMA,13,7,2021,5:46,5,46,2,,0,0,NA,1,Y,,
NB,37,03,NB37-03,Westcock,,,,,,,2,NB37-03-02-LMA,LMA,13,7,2021,6:08,6,08,1,,0,0,NA,1,Y,,
NB,37,04,NB37-04,Westcock,,,,,,,2,NB37-04-02-LMA,LMA,13,7,2021,6:32,6,32,0,,0,0,NA,1,Y,,
NB,37,05,NB37-05,Westcock,,,,,,,2,NB37-05-02-LMA,LMA,13,7,2021,6:57,6,57,0,,0,0,NA,2,Y,,
NB,37,06,NB37-06,Westcock,,,,,,,2,NB37-06-02-LMA,LMA,13,7,2021,7:22,7,22,0,,0,0,NA,1,Y,Speaker issues during SORA and PBGR playback,
NB,37,07,NB37-07,Westcock,,,,,,,2,NB37-07-02-LMA,LMA,13,7,2021,7:50,7,50,0,,0,2,W,1,Y,,
NB,37,08,NB37-08,Westcock,,,,,,,2,NB37-08-02-LMA,LMA,13,7,2021,8:17,8,17,0,,0,2,W,1,Y,,
NB,37,09,NB37-09,Westcock,,,,,,,2,NB37-09-02-LMA,LMA,13,7,2021,8:42,8,42,0,,0,1,NW,1,Y,,
NB,37,10,NB37-10,Westcock,,,,,,,2,NB37-10-02-LMA,LMA,13,7,2021,9:05,9,05,0,,0,1,var,1,Y,,
NB,51,01,NB51-01,Musquash,,,,,,,1,NB51-01-01-SBO,SBO,2,6,2021,5:09,5,09,0,7,0,1,SSW,1,N,Did not count secondary species,
NB,51,02,NB51-02,Musquash,,,,,,,1,NB51-02-01-SBO,SBO,2,6,2021,5:45,5,45,0,7,0,0,NA,2,N,Did not count secondary species,
NB,51,03,NB51-03,Musquash,,,,,,,1,NB51-03-01-SBO,SBO,2,6,2021,6:20,6,20,0,9,0,0,NA,2,N,Did not count secondary species,
NB,51,04,NB51-04,Musquash,,,,,,,1,NB51-04-01-SBO,SBO,2,6,2021,7:22,7,22,0,13,0,1,SSW,3,N,Did not count secondary species,
NB,51,05,NB51-05,Musquash,,,,,,,1,NB51-05-01-SBO,SBO,2,6,2021,8:00,8,00,0,12,0,4,SSW,3,N,Did not count secondary species,
NB,51,07,NB51-07,Musquash,,,,,,,1,NB51-07-01-SBO,SBO,2,6,2021,8:56,8,56,0,17,0,3,SSW,4,N,"Did not count secondary species. During first 5 minutes: 26 cars, 7 trucks",
NB,51,01,NB51-01,Musquash,,,,,,,2,NB51-01-02-SBO,SBO,18,6,2021,5:05,5,05,0,6,0,0,NA,3,N,Did not count secondary species,
NB,51,02,NB51-02,Musquash,,,,,,,2,NB51-02-02-SBO,SBO,18,6,2021,5:35,5,35,0,6,0,0,NA,3,N,Did not count secondary species,
NB,51,03,NB51-03,Musquash,,,,,,,2,NB51-03-02-SBO,SBO,18,6,2021,6:00,6,00,0,9,0,1,SW,3,N,Did not count secondary species,
NB,51,04,NB51-04,Musquash,,,,,,,2,NB51-04-02-SBO,SBO,18,6,2021,6:27,6,27,0,9,0,1,SW,3-4,N,Did not count secondary species,
NB,51,05,NB51-05,Musquash,,,,,,,2,NB51-05-02-SBO,SBO,18,6,2021,6:57,6,57,0,11,0,1,SW,3-4,N,Did not count secondary species,
NB,51,07,NB51-07,Musquash,,,,,,,2,NB51-07-02-SBO,SBO,18,6,2021,7:55,7,55,0,11,0,1,SW,4,N,Did not count secondary species. 36 VEHICLES WENT BY IN FIRST 5 MINUTES OF COUNTING,
NS,03,01,NS03-01,Eddy Marsh,,,,,,,1,NS03-01-01-ZAW,ZAW,25,6,2021,4:58,4,58,1,10,1,2,S,2,Y,,
NS,03,02,NS03-02,Eddy Marsh,,,,,,,1,NS03-02-01-ZAW,ZAW,25,6,2021,5:21,5,21,2,10,1,2,S,2,Y,,
NS,03,03,NS03-03,Eddy Marsh,,,,,,,1,NS03-03-01-ZAW,ZAW,25,6,2021,5:41,5,41,2,7,1,2,S,2,Y,,
NS,03,04,NS03-04,Eddy Marsh,,,,,,,1,NS03-04-01-ZAW,ZAW,25,6,2021,6:01,6,01,1,10,1,2,S,2,Y,,
NS,03,05,NS03-05,Eddy Marsh,,,,,,,1,NS03-05-01-ZAW,ZAW,25,6,2021,6:22,6,22,2,10,1,2,S,2,Y,,
NS,03,06,NS03-06,Eddy Marsh,,,,,,,1,NS03-06-01-ZAW,ZAW,25,6,2021,6:46,6,46,1,8,0,2,SW,2,Y,,
NS,03,07,NS03-07,Eddy Marsh,,,,,,,1,NS03-07-01-ZAW,ZAW,25,6,2021,7:05,7,05,1,9,0,2,SW,2,Y,,
NS,03,08,NS03-08,Eddy Marsh,,,,,,,1,NS03-08-01-ZAW,ZAW,25,6,2021,7:26,7,26,1,9,0,2,S,2,Y,,
NS,03,09,NS03-09,Eddy Marsh,,,,,,,1,NS03-09-01-ZAW,ZAW,25,6,2021,7:45,7,45,1,9,0,2,S,2,Y,,
NS,03,10,NS03-10,Eddy Marsh,,,,,,,1,NS03-10-01-ZAW,ZAW,25,6,2021,8:06,8,06,1,9,0,2,S,2,Y,,
NS,03,01,NS03-01,Eddy Marsh,,,,,,,2,NS03-01-02-ZAW,ZAW,13,7,2021,5:09,5,09,6,11,1,1,S,2,Y,,
NS,03,02,NS03-02,Eddy Marsh,,,,,,,2,NS03-02-02-ZAW,ZAW,13,7,2021,5:27,5,27,9,12,1,1,E,2,Y,,
NS,03,03,NS03-03,Eddy Marsh,,,,,,,2,NS03-03-02-ZAW,ZAW,13,7,2021,5:46,5,46,3,12,1,1,E,2,Y,,
NS,03,04,NS03-04,Eddy Marsh,,,,,,,2,NS03-04-02-ZAW,ZAW,13,7,2021,6:06,6,06,2,12,1,1,E,2,Y,,
NS,03,05,NS03-05,Eddy Marsh,,,,,,,2,NS03-05-02-ZAW,ZAW,13,7,2021,6:27,6,27,1,12,1,1,E,2,Y,,
NS,03,06,NS03-06,Eddy Marsh,,,,,,,2,NS03-06-02-ZAW,ZAW,13,7,2021,6:49,6,49,1,13,1,1,E,2,Y,,
NS,03,07,NS03-07,Eddy Marsh,,,,,,,2,NS03-07-02-ZAW,ZAW,13,7,2021,7:09,7,09,1,12,0,1,S,2,Y,,
NS,03,08,NS03-08,Eddy Marsh,,,,,,,2,NS03-08-02-ZAW,ZAW,13,7,2021,7:28,7,28,1,13,0,1,S,2,Y,,
NS,03,09,NS03-09,Eddy Marsh,,,,,,,2,NS03-09-02-ZAW,ZAW,13,7,2021,7:50,7,50,1,14,0,1,S,3,Y,,
NS,03,10,NS03-10,Eddy Marsh,,,,,,,2,NS03-10-02-ZAW,ZAW,13,7,2021,8:09,8,09,1,14,0,1,S,2,Y,,
NB,LE,01,NBLE-01,Lincoln Elementary,,,,,,,1,NBLE-01-01-MIM,MIM,25,5,2021,6:03,6,03,1,6,0,2,SW,2,N,Did not count secondary species,
NB,LE,02,NBLE-02,Lincoln Elementary,,,,,,,1,NBLE-02-01-MIM,MIM,25,5,2021,6:27,6,27,1,6,0,2,SW,1,N,Did not count secondary species,
NB,LE,03,NBLE-03,Lincoln Elementary,,,,,,,1,NBLE-03-01-MIM,MIM,25,5,2021,6:54,6,54,1,7,0,2,SW,2,N,Did not count secondary species,
NB,LE,01,NBLE-01,Lincoln Elementary,,,,,,,2,NBLE-01-02-MIM,MIM,10,6,2021,6:00,6,00,0,13,0,1,W,1,Y,,
NB,LE,02,NBLE-02,Lincoln Elementary,,,,,,,2,NBLE-02-02-MIM,MIM,10,6,2021,6:25,6,25,0,13,0,1,W,0,Y,,
NB,LE,03,NBLE-03,Lincoln Elementary,,,,,,,2,NBLE-03-02-MIM,MIM,10,6,2021,6:57,6,57,0,13,0,1,W,1,Y,,
NB,55,01,NB55-01,Saint John South,,,,,,,1,NB55-01-01-MAH,MAH,27,6,2021,5:20,5,20,10,15,1,3,s,2,Y,SURVEY DATE TOO CLOSE TO VISIT 1,
NB,55,02,NB55-02,Saint John South,,,,,,,1,NB55-02-01-MAH,MAH,27,6,2021,5:40,5,40,10,14,1,3,S,2,Y,SURVEY DATE TOO CLOSE TO VISIT 1,
NB,55,03,NB55-03,Saint John South,,,,,,,1,NB55-03-01-MAH,MAH,27,6,2021,6:15,6,15,10,4,1,3,S,4,Y,SURVEY DATE TOO CLOSE TO VISIT 1,
NB,55,04,NB55-04,Saint John South,,,,,,,1,NB55-04-01-MAH,MAH,27,6,2021,6:40,6,40,10,17,1,3,S,1,Y,SURVEY DATE TOO CLOSE TO VISIT 1,
NB,55,01,NB55-01,Saint John South,,,,,,,2,NB55-01-02-MAH,MAH,2,7,2021,5:15,5,15,9,12,1,3,SW,2,Y,SURVEY DATE TOO CLOSE TO VISIT 2,
NB,55,02,NB55-02,Saint John South,,,,,,,2,NB55-02-02-MAH,MAH,2,7,2021,5:45,5,45,9,12,1,3,S,2,Y,SURVEY DATE TOO CLOSE TO VISIT 2,
NB,55,03,NB55-03,Saint John South,,,,,,,2,NB55-03-02-MAH,MAH,2,7,2021,6:10,6,10,9,11,1,3,S,2,Y,SURVEY DATE TOO CLOSE TO VISIT 2,
NB,55,04,NB55-04,Saint John South,,,,,,,2,NB55-04-02-MAH,MAH,2,7,2021,6:35,6,35,9,12,1,3,S,2,Y,SURVEY DATE TOO CLOSE TO VISIT 2,
NB,57,01,NB57-01,Coles Island,,,,,,,1,NB57-01-01-LON,LON,13,6,2021,5:30,5,30,10,9,0,3,sw,0,y,,
NB,57,02,NB57-02,Coles Island,,,,,,,1,NB57-02-01-LON,LON,13,6,2021,5:58,5,58,10,9,0,3,SW,0,Y,,
NB,57,03,NB57-03,Coles Island,,,,,,,1,NB57-03-01-LON,LON,13,6,2021,6:23,6,23,10,8,0,2,SW,0,Y,,
NB,57,04,NB57-04,Coles Island,,,,,,,1,NB57-04-01-LON,LON,13,6,2021,6:50,6,50,9,8,0,2,W,0,Y,,
NB,57,05,NB57-05,Coles Island,,,,,,,1,NB57-05-01-LON,LON,13,6,2021,7:15,7,15,3,10,0,2,NW,0,Y,,
NB,57,06,NB57-06,Coles Island,,,,,,,1,NB57-06-01-LON,LON,13,6,2021,7:53,7,53,2,10,0,1,NW,0,Y,,
NB,57,01,NB57-01,Coles Island,,,,,,,2,NB57-01-02-LON,LON,3,7,2021,5:35,5,35,8,12,0,2,NE,0,Y,,
NB,57,02,NB57-02,Coles Island,,,,,,,2,NB57-02-02-LON,LON,3,7,2021,6:04,6,04,9,12,0,2,NE,0,Y,,
NB,57,03,NB57-03,Coles Island,,,,,,,2,NB57-03-02-LON,LON,3,7,2021,6:35,6,35,10,12,0,2,NE,0,Y,,
NB,57,04,NB57-04,Coles Island,,,,,,,2,NB57-04-02-LON,LON,3,7,2021,7:02,7,02,9,12,1,2,NE,0,Y,,
NB,57,05,NB57-05,Coles Island,,,,,,,2,NB57-05-02-LON,LON,3,7,2021,7:25,7,25,10,12,0,3,NE,0,Y,,
NB,57,06,NB57-06,Coles Island,,,,,,,2,NB57-06-02-LON,LON,3,7,2021,8:00,8,00,10,12,0,3,NE,0,Y,,
NB,34,01,NB34-01,Tintamarre,,,,,,,1,NB34-01-01-MEB,MEB,13,6,2021,5:17,5,17,10,10,0,3,SW,1,y,,
NB,34,05,NB34-05,Tintamarre-NWA,,,,,,,1,NB34-05-01-MEB,MEB,13,6,2021,5:44,5,44,10,10,0,3,SW,1,Y,high fog and 10km/hr wind; cloud COVER written as 100,
NB,34,06,NB34-06,Tintamarre-NWA,,,,,,,1,NB34-06-01-MEB,MEB,13,6,2021,6:12,6,12,10,10,0,3,SW,1,Y,cloud cover written as 100,
NB,34,07,NB34-07,Tintamarre-NWA,,,,,,,1,NB34-07-01-MEB,MEB,13,6,2021,6:39,6,39,10,10,0,3,SW,1,y,,
NB,34,08,NB34-08,Tintamarre-NWA,,,,,,,1,NB34-08-01-MEB,MEB,13,6,2021,7:13,7,13,9,10,0,3,SW,1,Y,,
NB,34,09,NB34-09,Tintamarre-NWA,,,,,,,1,NB34-09-01-MEB,MEB,13,6,2021,7:36,7,36,2,11,0,3,SW,1,Y,no fog now,
NB,34,03,NB34-03,Tintamarre-NWA,,,,,,,1,NB34-03-01-MEB,MEB,13,6,2021,8:39,8,39,3,12,0,3,SW,1,Y,,
NB,34,04,NB34-04,Tintamarre-NWA,,,,,,,1,NB34-04-01-MEB,MEB,13,6,2021,9:07,9,07,1,12,0,3,N,1,Y,some wind gust at 5-6 min N,
NB,34,01,NB34-01,Tintamarre,,,,,,,2,NB34-01-02-MEB,MEB,1,7,2021,5:26,5,26,8,19,1,3,S,0,Y,,
NB,34,05,NB34-05,Tintamarre,,,,,,,2,NB34-05-02-MEB,MEB,1,7,2021,5:55,5,55,8,19,1,3,S,0,Y,Note for bkgd: few frogs + cows,
NB,34,06,NB34-06,Tintamarre,,,,,,,2,NB34-06-02-MEB,MEB,1,7,2021,6:24,6,24,8,19,1,3,S,0,Y,,
NB,34,07,NB34-07,Tintamarre,,,,,,,2,NB34-07-02-MEB,MEB,1,7,2021,6:50,6,50,10,20,1,3,S,1,Y,,
NB,34,08,NB34-08,Tintamarre,,,,,,,2,NB34-08-02-MEB,MEB,1,7,2021,7:28,7,28,10,21,1,3,S,1,Y,Note for wind scale: lower 3,
NB,34,09,NB34-09,Tintamarre,,,,,,,2,NB34-09-02-MEB,MEB,1,7,2021,7:49,7,49,10,21,0,3,S,1,Y,"Note for wind: low, almost 2; Note for Background noise: 1 vehicle",
NB,BD,02,NBBD-02,Bouctouche Dune,,,,,46.53028,64.69284,1,NBBD-02-01-DEM,DEM,3,6,2021,5:00,5,00,0,14,0,3,SW,2,Y,,
NB,BD,03,NBBD-03,Bouctouche Dune,,,,,46.52913,64.68922,1,NBBD-03-01-DEM,DEM,3,6,2021,5:37,5,37,0,14,0,3,SW,1,Y,,
NB,BD,04,NBBD-04,Bouctouche Dune,,,,,46.52705,64.68624,1,NBBD-04-01-DEM,DEM,3,6,2021,6:07,6,07,0,14,0,3,SW,2,Y,,
NB,BD,05,NBBD-05,Bouctouche Dune,,,,,46.52449,64.68309,1,NBBD-05-01-DEM,DEM,3,6,2021,6:38,6,38,1,14,0,3,SW,1,Y,,
NB,BD,02,NBBD-02,Bouctouche Dune,,,,,46.43028,64.69284,2,NBBD-02-02-DEM,DEM,24,6,2021,4:25,4,25,0,8,0,2,S,0,Y,,
NB,BD,03,NBBD-03,Bouctouche Dune,,,,,46.52913,64.68922,2,NBBD-03-02-DEM,DEM,24,6,2021,5:11,5,11,0,10,0,2,S,1,Y,,
NB,BD,04,NBBD-04,Bouctouche Dune,,,,,46.52705,64.68624,2,NBBD-04-02-DEM,DEM,24,6,2021,5:40,5,40,0,9,0,2,W,1,Y,,
NB,BD,05,NBBD-05,Bouctouche Dune,,,,,46.52449,64.68309,2,NBBD-05-02-DEM,DEM,24,6,2021,6:08,6,08,0,9,0,2,W,1,Y,,
NB,CH,01,NBCH-01,Chockpish,,,,,46.60406,64.72416,1,NBCH-01-01-DEM,DEM,9,6,2021,4:59,4,59,9,15,0,3,SW,0,Y,,
NB,CH,03,NBCH-03,Chockpish,,,,,46.60148,64.72246,1,NBCH-03-01-DEM,DEM,9,6,2021,5:36,5,36,9,18,0,3,SW,1,Y,,
NB,CH,04,NBCH-04,Chockpish,,,,,46.59465,64.72334,1,NBCH-04-01-DEM,DEM,9,6,2021,6:12,6,12,8,18,0,3,SW,0,Y,,
NB,CH,02,NBCH-02,Chockpish,,,,,46.60648,64.72148,1,NBCH-02-01-DEM,DEM,9,6,2021,7:41,7,41,9,19,0,2,SW,0,Y,"Observer didn't indicate point number, deduced using provided coordinates",
NB,CH,01,NBCH-01,Chockpish,,,,,46.60406,64.72416,2,NBCH-01-02-DEM,DEM,30,6,2021,4:50,4,50,10,20,0,2,SW,0,Y,,
NB,CH,03,NBCH-03,Chockpish,,,,,46.60148,64.72246,2,NBCH-03-02-DEM,DEM,30,6,2021,5:24,5,24,10,20,0,2,SW,0,Y,,
NB,CH,04,NBCH-04,Chockpish,,,,,46.59465,64.72334,2,NBCH-04-02-DEM,DEM,30,6,2021,5:57,5,57,10,20,2,2,SW,0,Y,,
NB,CH,02,NBCH-02,Chockpish,,,,,46.60648,64.72148,2,NBCH-02-02-DEM,DEM,30,6,2021,6:43,6,43,10,21,0,2,W,0,Y,,
NB,CV,02,NBCV-02,Cormierville,,,,,46.39790,64.61409,1,NBCV-02-01-DEM,DEM,17,6,2021,4:50,4,50,0,10,0,3,SW,0,Y,,
NB,CV,01,NBCV-01,Cormierville,,,,,46.39511,64.61511,1,NBCV-01-01-DEM,DEM,17,6,2021,5:24,5,24,0,11,0,3,SW,1,Y,,
NB,CV,03,NBCV-03,Cormierville,,,,,46.39989,64.61517,1,NBCV-03-01-DEM,DEM,17,6,2021,6:15,6,15,0,9,0,3,SW,1,Y,,
NB,CV,04,NBCV-04,Cormierville,,,,,46.40279,64.61533,1,NBCV-04-01-DEM,DEM,17,6,2021,6:45,6,45,0,11,0,3,SW,1,Y,,
NB,CV,02,NBCV-02,Cormierville,,,,,46.39790,64.61409,2,NBCV-02-02-DEM,DEM,7,7,2021,5:00,5,00,3,19,0,2,W,0,Y,,
NB,CV,01,NBCV-01,Cormierville,,,,,46.39511,64.61511,2,NBCV-01-02-DEM,DEM,7,7,2021,5:33,5,33,3,19,0,2,W,9,Y,,
NB,CV,03,NBCV-03,Cormierville,,,,,46.39989,64.61517,2,NBCV-03-02-DEM,DEM,7,7,2021,6:18,6,18,4,21,0,2,W,1,Y,,
NB,CV,04,NBCV-04,Cormierville,,,,,46.40279,64.61533,2,NBCV-04-02-DEM,DEM,7,7,2021,6:50,6,50,6,20,0,2,W,0,Y,,
NB,08,01,NB08-01,Gagetown 18,,,,,,,1,NB08-01-01-REG,REG,23,6,2021,9:06,9,06,9,13,0,3,WNW,0,N,"no primary species recorded, cloud cover written as 90",
NB,08,01,NB08-01,Gagetown 18,,,,,,,2,NB08-01-02-REG,REG,8,7,2021,8:31,8,31,3,13,0,1,NNW,0,Y,cloud cover written as 30,
NB,08,02,NB08-02,Gagetown 18,,,,,,,1,NB08-02-01-REG,REG,23,6,2021,8:28,8,28,7,13,0,2,NA,1,Y,"cloud cover written as 70, wind direction written as ""14""",
NB,08,02,NB08-02,Gagetown 18,,,,,,,2,NB08-02-02-REG,REG,8,7,2021,8:05,8,05,2,13,0,1,NNE,0,N,"no primary species recorded, cloud cover written as 20",
NB,08,03,NB08-03,Gagetown 18,,,,,,,1,NB08-03-01-REG,REG,23,6,2021,9:44,9,44,2,18,0,1,SW,0,Y,cloud cover written as 20,
NB,08,03,NB08-03,Gagetown 18,,,,,,,2,NB08-03-02-REG,REG,8,7,2021,9:20,9,20,6,16,0,1,ENE,0,N,"no primary species recorded, cloud cover written as 60",
NB,08,04,NB08-04,Gagetown 18,,,,,,,1,NB08-04-01-REG,REG,23,6,2021,7:45,7,45,9.5,13,0,3,WSW,0,Y,cloud cover written as 95,
NB,08,04,NB08-04,Gagetown 18,,,,,,,2,NB08-04-02-REG,REG,8,7,2021,6:46,6,46,1,11,0,1,NW,0,N,"no primary species recorded, cloud cover written as 10",
NB,09,01,NB09-01,Gagetown 48,,,,,,,1,NB09-01-01-REG,REG,18,6,2021,5:39,5,39,0,8,0,0,SW,0,Y,,
NB,09,01,NB09-01,Gagetown 48,,,,,,,2,NB09-01-02-REW,REW,7,7,2021,6:00,6,00,6,21.9,0,1,SSW,0,N,"no primrary species recorded, cloud cover wirtten as 60",
NB,09,02,NB09-02,Gagetown 48,,,,,,,1,NB09-02-01-REG,REG,17,6,2021,9:00,9,00,0,14,0,3,SW,0,Y,,
NB,09,02,NB09-02,Gagetown 48,,,,,,,2,NB09-02-02-DRG,DRG,7,7,2021,6:45,6,45,5,20.3,0,0,NA,0,N,"no primary species recorded, cloud cover written as 50 ",
NB,09,03,NB09-03,Gagetown 48,,,,,,,1,NB09-03-01-REG,REG,17,6,2021,8:06,8,06,0,11,0,3,SW,0,N,no primary species recorded,
NB,09,03,NB09-03,Gagetown 48,,,,,,,2,NB09-03-02-REW,REW,7,7,2021,7:54,7,54,3,18,0,2,E,0,Y,cloud cover written as 30,
NB,10,01,NB10-01,Gagetown 51,,,,,,,1,NB10-01-01-REG,REG,17,6,2021,6:39,6,39,0,9,0,2,SSW,0,N,no primary species recorded,
NB,10,01,NB10-01,Gagetown 51,,,,,,,2,NB10-01-02-TAS,TAS,6,7,2021,8:46,8,46,10,14,1,3,N,0,N,no primary species recorded,
NB,10,02,NB10-02,Gagetown 51,,,,,,,1,NB10-02-01-REG,REG,17,6,2021,6:03,6,03,0,8,0,1,SSW,0,N,no primary or secondary species recorded,
NB,10,02,NB10-02,Gagetown 51,,,,,,,2,NB10-02-02-TAS,TAS,6,7,2021,7:50,7,50,10,14,1,1,N,0,N,"no primary species recorded, day of survey might be 7 instead of 6 (one written over the other)",
NB,10,03,NB10-03,Gagetown 51,,,,,,,1,NB10-03-01-ASH,ASH,17,6,2021,5:13,5,13,0,9,0,1,SW,0,N,no primary or secondary species recorded,
NB,10,03,NB10-03,Gagetown 51,,,,,,,2,NB10-03-02-DRG,DRG,6,7,2021,7:06,7,06,10,16,1,1,N,0,N,no primary species recorded,
NB,10,04,NB10-04,Gagetown 51,,,,,,,1,NB10-04-01-HOS,HOS,14,6,2021,9:18,9,18,1,17,0,3,SSE,0,N,no primary species recorded,
NB,10,04,NB10-04,Gagetown 51,,,,,,,2,NB10-04-02-DRG,DRG,6,7,2021,6:00,6,00,10,14.6,1,1,N,0,N,no primary species recorded,
NB,10,05,NB10-05,Gagetown 51,,,,,,,1,NB10-05-01-DRG,DRG,14,6,2021,5:51,5,51,4,11,0,0,S,0,N,"no primary species recorded, cloud cover written as 40",
NB,10,05,NB10-05,Gagetown 51,,,,,,,2,NB10-05-02-JES,JES,6,7,2021,5:55,5,55,,13,1,2,N,0,Y,Did not record cloud cover,
NB,10,06,NB10-06,Gagetown 51,,,,,,,1,NB10-06-01-DRG,DRG,14,6,2021,6:28,6,28,5,11,0,1,S,0,Y,cloud cover written as 50,
NB,10,06,NB10-06,Gagetown 51,,,,,,,2,NB10-06-02-JES,JES,6,7,2021,6:25,6,25,,15,0,2,N,0,Y,Did not record cloud cover,
NB,10,07,NB10-07,Gagetown 51,,,,,,,1,NB10-07-01-DRG,DRG,14,6,2021,7:47,7,47,3,11,0,2,S,0,Y,cloud cover written as 30,
NB,10,07,NB10-07,Gagetown 51,,,,,,,2,NB10-07-02-JES,JES,6,7,2021,8:00,8,00,10,16,1,2,N,0,Y,cloud cover written as 100,
NB,10,08,NB10-08,Gagetown 51,,,,,,,1,NB10-08-01-DRG,DRG,14,6,2021,7:10,7,10,5,12,0,2,S,0,N,"no primary species recorded, cloud cover written as 50",
NB,10,08,NB10-08,Gagetown 51,,,,,,,2,NB10-08-02-JES,JES,6,7,2021,7:30,7,30,,16,1,2,N,0,Y,Did not record cloud cover,
NB,12,01,NB12-01,Gronegen Village,,,,,,,1,NB12-01-01-TAS,TAS,18,6,2021,7:40,7,40,0,11,0,1,SW,1,N,no primary species recorded,
NB,12,01,NB12-01,Gronegen Village,,,,,,,2,NB12-01-02-DRG,DRG,8,7,2021,5:57,5,57,3,13.3,1,0,NA,0,Y,cloud cover written as 30,
NB,12,02,NB12-02,Gronegen Village,,,,,,,1,NB12-02-01-TAS,TAS,18,6,2021,8:10,8,10,0,11,0,1,SW,1,N,no primary species recorded,
NB,12,02,NB12-02,Gronegen Village,,,,,,,2,NB12-02-02-DRG,DRG,8,7,2021,6:37,6,37,2,14,1,0,NA,0,N,"no primary species recorded, cloud cover written as 20",
NB,12,03,NB12-03,Gronegen Village,,,,,,,1,NB12-03-01-TAS,TAS,18,6,2021,9:10,9,10,0,20,0,1,SW,1,N,no primary species recorded,
NB,12,03,NB12-03,Gronegen Village,,,,,,,2,NB12-03-02-DRG,DRG,8,7,2021,7:27,7,27,1,,0,0,NA,0,N,"no primary species recorded, cloud cover written as 10",
NB,12,04,NB12-04,Gronegen Village,,,,,,,1,NB12-04-01-HOS,HOS,3,6,2021,8:36,8,36,10,15.1,0,1,SSE,0,Y,cloud cover written as 100,
NB,12,04,NB12-04,Gronegen Village,,,,,,,2,NB12-04-02-TAS,TAS,7,7,2021,6:50,6,50,8,19,0,2,W,0,N,no primary species recorded,
NB,12,05,NB12-05,Gronegen Village,,,,,,,1,NB12-05-01-HOS,HOS,3,6,2021,6:40,6,40,5,15,0,2,S,0,Y,cloud cover written as 50,
NB,12,05,NB12-05,Gronegen Village,,,,,,,2,NB12-05-02-ASH,ASH,7,7,2021,9:06,9,06,8,20,0,2,W,0,N,"no primary species recorded, cloud cover written as 20",
NB,12,06,NB12-06,Gronegen Village,,,,,,,1,NB12-06-01-HOS,HOS,3,6,2021,9:01,9,01,10,15.3,0,1,SW,1,Y,cloud cover written as 100,
NB,12,06,NB12-06,Gronegen Village,,,,,,,2,NB12-06-02-TAS,TAS,7,7,2021,7:27,7,27,8,19,0,2,W,0,N,no primary species recorded,
NB,12,07,NB12-07,Gronegen Village,,,,,,,1,NB12-07-01-HOS,HOS,3,6,2021,7:14,7,14,8,15.6,0,3,S,0,Y,cloud cover written as 80,
NB,12,07,NB12-07,Gronegen Village,,,,,,,2,NB12-07-02-ASH,ASH,7,7,2021,9:30,9,30,8,20,0,2,W,0,N,no primary species recorded,
NB,12,08,NB12-08,Gronegen Village,,,,,,,1,NB12-08-01-HOS,HOS,3,6,2021,6:15,6,15,4,13.6,0,1,S,0,Y,cloud cover written as 40,
NB,12,08,NB12-08,Gronegen Village,,,,,,,2,NB12-08-02-JES,JES,6,7,2021,9:53,9,53,10,20.6,0,2,N,0,N,"no primary species recorded, cloud cover written as 100",
NB,12,08,NB12-08,Gronegen Village,,,,,,,3,NB12-08-03-ASH,ASH,7,7,2021,8:40,8,40,8,20,0,2,W,0,N,"no primary species recorded, cloud cover written as 80",
NB,TH,01,NBTH-01,Thompson Marsh (Chance Harbour),,,,,45.12287,66.36454,1,NBTH-01-01-DAR,DAR,19,6,2021,4:50,4,50,10,12,0,0,NA,1,Y,no secondary species recorded,
NB,TH,02,NBTH-02,Thompson Marsh (Chance Harbour),,,,,45.12086,66.36738,1,NBTH-02-01-DAR,DAR,19,6,2021,5:16,5,16,9,12,0,2,E,1,Y,no primary species recorded,
NB,TH,01,NBTH-01,Thompson Marsh (Chance Harbour),,,,,45.12287,66.36454,2,NBTH-01-02-DAR,DAR,11,7,2021,5:08,5,8,0,12,0,0,NA,1,Y,,
NB,TH,02,NBTH-02,Thompson Marsh (Chance Harbour),,,,,45.12086,66.36738,2,NBTH-02-02-DAR,DAR,11,7,2021,5:34,5,34,0,12,0,0,NA,0,Y,,
NB,TH,03,NBTH-03,Thompson Marsh (Chance Harbour),,,,,45.11963,66.36395,1,NBTH-03-01-DAR,DAR,19,6,2021,5:49,5,49,9,12,0,1,NE,2,Y,No primary species recorded,
NB,TH,04,NBTH-04,Thompson Marsh (Chance Harbour),,,,,45.11865,66.36026,1,NBTH-04-01-DAR,DAR,19,6,2021,6:20,6,20,10,12,0,0,NA,1,Y,No species recorded (primary and secondary),
NB,TH,03,NBTH-03,Thompson Marsh (Chance Harbour),,,,,45.11963,66.36395,2,NBTH-03-02-DAR,DAR,11,7,2021,6:04,6,4,0,12,0,0,NA,0,Y,No primary species recorded,
NB,TH,04,NBTH-04,Thompson Marsh (Chance Harbour),,,,,45.11865,66.36026,2,NBTH-04-02-DAR,DAR,11,7,2021,6:39,6,39,0,12,0,0,NA,0,Y,,
PE,05,01,PE05-01,Dunk River,,,,,46.35638,63.70226,1,PE05-01-01-MAG,MAG,18,6,2021,5:02,5,2,2,15,0,0,NA,3,Y,,
PE,05,02,PE05-02,Dunk River,,,,,46.35629,63.69836,1,PE05-02-01-MAG,MAG,18,6,2021,5:26,5,26,2,12,0,1,SE,2,N,"no primary species recorded, note belowe secondary species says ""lots of fish feeding""",
PE,05,03,PE05-03,Dunk River,,,,,46.35771,63.69558,1,PE05-03-01-MAG,MAG,18,6,2021,5:48,5,48,2,12,0,1,SW,2,N,No primary species recorded,
PE,05,04,PE05-04,Dunk River,,,,,46.35760,63.69212,1,PE05-04-01-MAG,MAG,18,8,2021,6:10,6,10,2,12,0,1,SW,2,N,No primary species recorded,
PE,05,05,PE05-05,Dunk River,,,,,46.35745,63.68874,1,PE05-05-01-MAG,MAG,18,6,2021,6:33,6,33,2,12,0,1,SW,2,N,No primary species recorded,
PE,05,06,PE05-06,Dunk River,,,,,46.35526,63.68742,1,PE05-06-01-MAG,MAG,18,6,2021,6:55,6,55,2,12,0,2,SW,2,N,No primary species recorded,
PE,05,07,PE05-07,Dunk River,,,,,46.35321,63.68614,1,PE05-07-01-MAG,MAG,18,6,2021,7:18,7,18,2,12,0,2,SW,2,N,No primary species recorded,
PE,10,01,PE10-01,Indian River,,,,,46.45948,63.67288,1,PE10-01-01-MAG,MAG,11,6,2021,4:57,4,57,0,6.5,0,0,NA,2,Y,,
PE,10,02,PE10-02,Indian River,,,,,46.45870,63.67088,1,PE10-02-01-MAG,MAG,11,6,2021,5:20,5,20,0,6.5,0,0,NA,2,Y,,
PE,10,03,PE10-03,Indian River,,,,,46.45942,63.66912,1,PE10-03-01-MAG,MAG,11,6,2021,5:44,5,44,1,7,0,2,W,1,Y,,
PE,10,04,PE10-04,Indian River,,,,,46.46076,63.66719,1,PE10-04-01-MAG,MAG,11,6,2021,6:08,6,8,1,7.5,0,2,W,1,Y,,
PE,10,05,PE10-05,Indian River,,,,,46.46285,63.66719,1,PE10-05-01-MAG,MAG,11,6,2021,6:33,6,33,1,9.5,0,2,W,1,N,No primary species recorded,
PE,10,06,PE10-06,Indian River,,,,,46.46527,63.66130,1,PE10-06-01-MAG,MAG,11,6,2021,7:00,7,0,3,11,0,2,W,1,Y,,
PE,10,07,PE10-07,Indian River,,,,,46.46540,63.66571,1,PE10-07-01-MAG,MAG,11,6,2021,7:38,7,38,3,11,0,2,W,1,Y,,
PE,10,01,PE10-01,Indian River,,,,,46.45948,63.67288,2,PE10-01-02-MAG,MAG,12,7,2021,5:31,5,31,5,18,0,2,N,3,Y,,
PE,10,02,PE10-02,Indian River,,,,,46.45870,63.67088,2,PE10-02-02-MAG,MAG,12,7,2021,5:52,5,52,10,18,0,3,N,2,Y,,
PE,10,03,PE10-03,Indian River,,,,,46.45942,63.66912,2,PE10-03-02-MAG,MAG,12,7,2021,6:14,6,14,8,18,0,2,N,1,Y,,
PE,10,04,PE10-04,Indian River,,,,,46.46076,63.66719,2,PE10-04-02-MAG,MAG,12,7,2021,6:33,6,33,1,18,0,3,N,1,Y,Wrote 18 in cloud cover and 1 in temperature - assumed they meant temp (18) and cloud cover (1),
PE,07,01,PE07-01,Portage,,,,,46.66426,64.05667,1,PE07-01-01-MAG,MAG,3,6,2021,6:31,6,31,4,14,0,1,NA,3,Y,,
PE,07,02,PE07-02,Portage,,,,,46.66413,64.05292,1,PE07-02-01-MAG,MAG,3,6,2021,6:54,6,54,3,15,0,0,NA,3,N,No primary species recorded,
PE,07,01,PE07-01,Portage,,,,,46.66426,64.05667,2,PE07-01-02-MAG,MAG,13,7,2021,6:11,6,11,0,10,0,0,NA,3,N,No primary species recorded,
PE,07,02,PE07-02,Portage,,,,,46.66413,64.05292,2,PE07-02-02-MAG,MAG,13,7,2021,6:30,6,30,0,10,0,0,NA,3,N,No primary species recorded,
NB,36,03,NB36-03,Ward Marsh,,,,,45.97010,64.34698,1,NB36-03-01-KAP,KAP,11,6,2021,6:22,6,22,0,8,0,0,NA,0,Y,,
NB,36,04,NB36-04,Ward Marsh,,,,,45.97210,64.34375,1,NB36-04-01-KAP,KAP,11,6,2021,6:47,6,47,0,8,0,0,NA,0,Y,Haze! Mist on water. No bugs!,
NB,36,05,NB36-05,Ward Marsh,,,,,45.97079,64.33791,1,NB36-05-01-KAP,KAP,11,6,2021,7:11,7,11,0,,0,0,NA,0,Y,Mist cleared!,
NB,36,06,NB36-06,Ward Marsh,,,,,45.96399,64.32997,1,NB36-06-01-KAP,KAP,11,6,2021,7:45,7,45,0,,0,2,W,NA,Y,,
NB,36,07,NB36-07,Ward Marsh,,,,,45.96666,64.33040,1,NB36-07-01-KAP,KAP,11,6,2021,8:04,8,4,0,14,0,3,W,0,Y,,
NB,36,08,NB36-08,Ward Marsh,,,,,45.96292,64.32940,1,NB36-08-01-KAP,KAP,11,6,2021,8:22,8,22,0,15,0,3,W,0,Y,"Cold written under wind direction, note says: Cold! Obs. shivered for 2 hrs but warmly dressed. no primary species observed",
NB,SE,01,NBSE-01,Salisbury East,,,,,46.03389,65.01414,1,NBSE-01-01-BIW,BIW,5,6,2021,6:50,6,50,0,11,0,1,W,1,Y,,
NB,SE,01,NBSE-01,Salisbury East,,,,,46.03375,65.01394,2,NBSE-01-02-BIW,BIW,29,6,2021,7:04,7,4,10,22,0,0,NA,2,Y,,
NB,SE,02,NBSE-02,Salisbury East,,,,,46.03523,65.01151,1,NBSE-02-01-BIW,BIW,5,6,2021,7:15,7,15,0,14,0,1,W,1,Y,,
NB,SE,02,NBSE-02,Salisbury East,,,,,46.03523,65.01151,2,NBSE-02-02-BIW,BIW,29,6,2021,7:36,7,36,8,24,0,0,NA,2,Y,,
NB,SE,03,NBSE-03,Salisbury East,,,,,46.03226,NA,1,NBSE-03-01-BIW,BIW,5,6,2021,7:42,7,42,0,16,0,2,W,1,Y,,
NB,SE,03,NBSE-03,Salisbury East,,,,,46.03226,65.01134,2,NBSE-03-02-BIW,BIW,29,6,2021,NA,NA,NA,NA,NA,NA,NA,NA,NA,Y,did not record metadata,
NB,SE,04,NBSE-04,Salisbury East,,,,,46.03087,65.01461,1,NBSE-04-01-BIW,BIW,5,6,2021,5:39,5,39,0,10,0,0,NA,1,Y,,
NB,SE,04,NBSE-04,Salisbury East,,,,,46.03077,65.01455,2,NBSE-04-02-BIW,BIW,29,6,2021,6:03,6,3,10,16,0,0,NA,1,Y,,
NB,SE,05,NBSE-05,Salisbury East,,,,,46.03084,65.01767,1,NBSE-05-01-BIW,BIW,5,6,2021,6:11,6,11,0,9,0,0,NA,2,Y,,
NB,SE,05,NBSE-05,Salisbury East,,,,,46.03083,65.01770,2,NBSE-05-02-BIW,BIW,29,6,2021,6:30,6,30,8,18,0,0,NA,1,Y,"wrote 18C om cloud cover and 8C in temprerature, assumed reversed",
NB,SW,01,NBSW-01,Salisbury West,,,,,46.02093,65.04518,1,NBSW-01-01-BIW,BIW,9,6,2021,6:05,6,5,10,12,0,0,NA,2,Y,,
NB,SW,01,NBSW-01,Salisbury West,,,,,46.02093,65.04518,2,NBSW-01-02-BIW,BIW,6,7,2021,6:20,6,20,1,,0,1,W,2,Y,,
NB,SW,02,NBSW-02,Salisbury West,,,,,46.01916,65.04296,1,NBSW-02-01-BIW,BIW,9,6,2021,5:40,5,40,10,14,0,0,NA,1,Y,,
NB,SW,02,NBSW-02,Salisbury West,,,,,46.01916,65.04296,2,NBSW-02-02-BIW,BIW,6,7,2021,5:52,5,52,0,,0,0,NA,2,Y,,
NB,SW,03,NBSW-03,Salisbury West,,,,,46.02023,65.04033,1,NBSW-03-01-BIW,BIW,9,6,2021,5:13,5,13,10,19,0,0,NA,1,Y,,
NB,SW,03,NBSW-03,Salisbury West,,,,,46.02023,65.04033,2,NBSW-03-02-BIW,BIW,6,7,2021,5:27,5,27,0,8,0,1,W,2,Y,,
NB,38,01,NB38-01,Midgic,,,,,45.95944,64.31806,1,NB38-01-01-ADC,ADC,30,6,2021,5:15,5,15,9,19,1,3,SW,0,N,focused on primary only,
NB,38,02,NB38-02,Midgic,,,,,45.95750,64.31806,1,NB38-02-01-ADC,ADC,30,6,2021,5:45,5,45,9,19,1,3,SW,0,N,focused on primary only,
NB,38,03,NB38-03,Midgic,,,,,45.95583,64.31583,1,NB38-03-01-ADC,ADC,30,6,2021,6:05,6,5,9,19,1,3,SW,0,N,focused on primary only,
NB,38,04,NB38-04,Midgic,,,,,45.95639,64.31278,1,NB38-04-01-ADC,ADC,30,6,2021,7:15,7,15,10,20,1,3,SW,0,N,"Note on sheet says ""very vegetated difficult to see open water""; focused on primary only",
NB,38,05,NB38-05,Midgic,,,,,45.95778,64.31028,1,NB38-05-01-ADC,ADC,30,6,2021,6:45,6,45,9,20,1,3,SW,0,N,focused on primary only,
NB,38,06,NB38-06,Midgic,,,,,45.95361,64.31472,1,NB38-06-01-ADC,ADC,30,6,2021,7:30,7,30,8,19,1,3,SW,1,N,focused on primary only,
NB,38,07,NB38-07,Midgic,,,,,45.95278,64.31167,1,NB38-07-01-ADC,ADC,30,6,2021,7:50,7,50,8,19,1,3,SW,1,N,focused on primary only,
NB,SV,01,NBSV-01,Sunset Valley,,,,,45.386855,-66.276566,1,NBSV-01-01-AP,AP,16,6,2021,5:29,5,29,10,16,0,4,S,0,Y,"We always skip Point 2; cloud cover written as 100, assumed to be 10",
NB,SV,03,NBSV-03,Sunset Valley,,,,,45.38678,-66.272944,1,NBSV-03-01-AP,AP,16,6,2021,6:15,6,15,10,14,0,0,N/A,2,Y, cloud cover written as 100,
NB,SV,04,NBSV-04,Sunset Valley,,,,,45.384467,-66.265489,1,NBSV-04-01-AP,AP,16,6,2021,8:03,8,3,10,17,0,0,N/A,2,Y, cloud cover written as 100,
NB,SV,05,NBSV-05,Sunset Valley,,,,,45.387882,-66.263798,1,NBSV-05-01-AP,AP,16,6,2021,8:48,8,48,10,16,0,0,N/A,2,Y, cloud cover written as 100,
NB,SV,06,NBSV-06,Sunset Valley,,,,,45.390661,-66.263809,1,NBSV-06-01-AP,AP,16,6,2021,9:32,9,32,10,16,0,2,NW,1,Y, cloud cover written as 100,
NB,SV,07,NBSV-07,Sunset Valley,,,,,45.390608,-66.263817,1,NBSV-07-01-AP,AP,16,6,2021,10:13,10,13,10,18,0,1,SW,1,Y,Didn't quite get to Point 7 - marsh too shallow;  cloud cover written as 100,
NB,SV,01,NBSV-01,Sunset Valley,,,,,45.386855,-66.276566,2,NBSV-01-02-AP,AP,30,6,2021,5:15,5,15,10,22,0,0,N/A,1,Y,We always skip Point 2;  cloud cover written as 100,
NB,SV,03,NBSV-03,Sunset Valley,,,,,45.38678,-66.272944,2,NBSV-03-02-AP,AP,30,6,2021,5:57,5,57,10,22,0,0,N/A,1,Y, cloud cover written as 100,
NB,SV,04,NBSV-04,Sunset Valley,,,,,45.384467,-66.265489,2,NBSV-04-02-AP,AP,30,6,2021,7:39,7,39,6,21,0,1,N,2,Y, cloud cover written as 60,
NB,SV,05,NBSV-05,Sunset Valley,,,,,45.387882,-66.263798,2,NBSV-05-02-AP,AP,30,6,2021,8:22,8,22,9,22,0,2,NE,2,Y, cloud cover written as 90,
NB,SV,06,NBSV-06,Sunset Valley,,,,,45.390661,-66.263809,2,NBSV-06-02-AP,AP,30,6,2021,8:54,8,54,9,22,0,1,S,1,Y, cloud cover written as 90,
NB,SV,07,NBSV-07,Sunset Valley,,,,,45.39324,-66.26321,2,NBSV-07-02-AP,AP,30,6,2021,9:55,9,55,10,24,2,2,N,0,Y,Didn't quite get to Point 7 - marsh too shallow;  cloud cover written as 100,
NB,CT,01,NBCT-01,Caughey-Taylor,,,,,45.16746,67.05175,1,NBCT-01-01-CHA,CHA,20,6,2021,5:19,5,19,0,10,0,1,NE,1,N,"Did not record secondary species, no primary species observed",
NB,CT,02,NBCT-02,Caughey-Taylor,,,,,45.16424,67.04829,1,NBCT-02-01-CHA,CHA,20,6,2021,5:46,5,46,1,11,0,1,NE,2,N,"Did not record secondary species, no primary species observed",
NB,CT,01,NBCT-01,Caughey-Taylor,,,,,45.16736,67.05170,2,NBCT-01-02-CHA,CHA,12,7,2021,5:30,5,30,10,13,0,0,NA,2,N,"Did not record secondary species, no primary species observed",
NB,CT,02,NBCT-02,Caughey-Taylor,,,,,45.16246,67.04833,2,NBCT-02-02-CHA,CHA,12,7,2021,5:55,5,55,10,13,0,0,NA,1,N,"Did not record secondary species, no primary species observed",
NB,CT,03,NBCT-03,Caughey-Taylor,,,,,45.16447,67.04421,1,NBCT-03-01-CHA,CHA,20,6,2021,6:16,6,16,2,11,0,1,NE,0,N,"Did not record secondary species, no primary species observed",
NB,CT,03,NBCT-03,Caughey-Taylor,,,,,45.16447,67.04421,2,NBCT-03-02-CHA,CHA,12,7,2021,6:20,6,20,10,13,0,0,NA,0,N,"Did not record secondary species, no primary species observed",
NB,CT,04,NBCT-04,Caughey-Taylor,,,,,45.16229,67.04475,1,NBCT-04-01-CHA,CHA,20,6,2021,6:40,6,40,0,11,0,1,NE,0,N,"Did not record secondary species, no primary species observed",
NB,CT,04,NBCT-04,Caughey-Taylor,,,,,45.16231,67.04477,2,NBCT-04-02-CHA,CHA,12,7,2021,6:42,6,42,10,13,0,0,NA,0,N,"Did not record secondary species, no primary species observed",
NB,SR,01,NBSR-01,Saints Rest Marsh,,,,,45.13420,66.07590,1,NBSR-01-01-CAC,CAC,5,6,2021,5:15,5,15,10,10,1,2,S,1,N,"Did not record secondary species, no primary species observed",
NB,SR,02,NBSR-02,Saints Rest Marsh,,,,,45.13342,66.07518,1,NBSR-02-01-CAC,CAC,4,6,2021,5:42,5,42,10,10,1,2,S,1,N,"Did not record secondary species, no primary species observed",
NB,SR,03,NBSR-03,Saints Rest Marsh,,,,,45.13412,66.07451,1,NBSR-03-01-CAC,CAC,5,6,2021,6:11,6,11,10,12,1,2,S,1,N,"Did not record secondary species, no primary species observed",
NB,SR,04,NBSR-04,Saints Rest Marsh,,,,,45.13236,66.08208,1,NBSR-04-01-CAC,CAC,4,6,2021,6:59,6,59,10,12,1,2,S,0,N,Did not record secondary species,
NB,SR,05,NBSR-05,Saints Rest Marsh,,,,,45.13210,66.08077,1,NBSR-05-01-CAC,CAC,5,6,2021,7:22,7,22,10,12,1,2,S,2,N,"Did not record secondary species, no primary species observed; Many geese",
NB,SR,01,NBSR-01,Saints Rest Marsh,,,,,45.13419,66.07590,2,NBSR-01-02-CAC,CAC,20,6,2021,5:10,5,10,10,13,0,1,SW,2,N,Did not record secondary species,
NB,SR,02,NBSR-02,Saints Rest Marsh,,,,,45.13342,66.07519,2,NBSR-02-02-CAC,CAC,20,6,2021,5:31,5,31,10,13,1,1,SW,2,N,"Did not record secondary species, no primary species observed; Many geese",
NB,SR,03,NBSR-03,Saints Rest Marsh,,,,,45.13412,66.07451,2,NBSR-03-02-CAC,CAC,20,6,2021,5:52,5,52,10,14,1,1,SW,2,N,"Did not record secondary species, no primary species observed",
NB,SR,04,NBSR-04,Saints Rest Marsh,,,,,45.13236,66.08208,2,NBSR-04-02-CAC,CAC,20,6,2021,6:33,6,33,6,14,1,1,SW,1,N,"Did not record secondary species, no primary species observed",
NB,SR,05,NBSR-05,Saints Rest Marsh,,,,,45.13236,66.08077,2,NBSR-05-02-CAC,CAC,20,6,2021,6:57,6,57,6,14,1,1,SW,1,N,"Did not record secondary species, no primary species observed; noted that over 30 GBHE flew away just as started walking towards point",
NB,36,01,NB36-01,Ward Marsh,,,,,45.96358,64.34468,1,NB36-01-01-KAP,KAP,11,6,2021,5:45,5,45,1,0,0,0,NA,0,Y,"Cloud cover initially written as 0, but note says ""ground fog +1""",
NB,36,01,NB36-01,Ward Marsh,,,,,45.96358,64.34468,2,NB36-01-02-KAP,KAP,30,6,2021,5:09,5,9,10,19,0,0,NA,0,Y,cloud cover written as 100,
NB,36,02,NB36-02,Ward Marsh,,,,,45.96731,64.34583,1,NB36-02-01-KAP,KAP,11,6,2021,6:06,6,6,0,0,0,0,NA,0,Y,"note at bottom of page: ""m. wren between stops 2+3 same spot as a few years ago + nest seen by other obs.""",
NB,36,02,NB36-02,Ward Marsh,,,,,45.96731,64.34583,2,NB36-02-02-KAP,KAP,30,6,2021,5:29,5,29,10,19,0,0,NA,0,Y,cloud cover written as 100,
NB,36,03,NB36-03,Ward Marsh,,,,,45.97010,64.34698,2,NB36-03-02-KAP,KAP,30,6,2021,5:54,5,54,10,10,0,0,NA,0,Y,cloud cover written as 100,
NB,36,04,NB36-04,Ward Marsh,,,,,45.97210,64.34375,2,NB36-04-02-KAP,KAP,30,6,2021,6:14,6,14,10,22,0,0,NA,0,Y,cloud cover written as 100,
NB,36,05,NB36-05,Ward Marsh,,,,,45.97079,64.33791,2,NB36-05-02-KAP,KAP,30,6,2021,6:37,6,37,10,20,0,0,NA,0,Y,cloud cover written as 100,
NB,36,06,NB36-06,Ward Marsh,,,,,45.96399,64.32997,2,NB36-06-02-KAP,KAP,30,6,2021,7:37,7,37,10,20,0,0,NA,0,Y,"cloud cover written as 100; ""deer tracks""",
NB,36,07,NB36-07,Ward Marsh,,,,,45.96666,64.33040,2,NB36-07-02-KAP,KAP,30,6,2021,7:47,7,47,10,20,0,0,NA,0,Y,cloud cover written as 100,
NB,36,08,NB36-08,Ward Marsh,,,,,45.96292,64.32940,2,NB36-08-02-KAP,KAP,30,6,2021,8:06,8,6,10,20,0,1,SE,0,Y,"cloud cover written as 100; ""dense vegetation on R, grass on L",
PE,13,01,PE13-01,Johnstons River,,,,,46.43118,62.42059,1,PE13-01-01-DAJ,DAJ,3,6,2021,8:52,8,52,1,15,0,0,SW,0,Y,,
PE,13,02,PE13-02,Johnstons River,,,,,46.42938,62.41961,1,PE13-02-01-DAJ,DAJ,3,6,2021,7:31,7,31,1,14,0,1,SW,1,Y,,
PE,13,03,PE13-03,Johnstons River,,,,,46.42709,62.41870,1,PE13-03-01-DAJ,DAJ,3,6,2021,7:13,7,13,1,14,0,1,SW,1,Y,,
PE,13,04,PE13-04,Johnstons River,,,,,46.42732,62.42189,1,PE13-04-01-DAJ,DAJ,3,6,2021,7:37,7,37,0,14,0,0,SW,0,Y,,
PE,13,05,PE13-05,Johnstons River,,,,,46.42963,62.42347,1,PE13-05-01-DAJ,DAJ,3,6,2021,7:59,7,59,1,15,0,0,SW,0,Y,,
PE,13,06,PE13-06,Johnstons River,,,,,46.42793,62.42643,1,PE13-06-01-DAJ,DAJ,3,6,2021,6:56,6,56,1,14,0,0,SW,1,Y,,
PE,13,07,PE13-07,Johnstons River,,,,,46.42397,62.42865,1,PE13-07-01-DAJ,DAJ,3,6,2021,5:15,5,15,1,1,0,0,SW,1,Y,,
PE,13,08,PE13-08,Johnstons River,,,,,46.42105,62.43096,1,PE13-08-01-DAJ,DAJ,3,6,2021,5:37,5,37,1,14,0,0,SW,0,Y,,
PE,13,09,PE13-09,Johnstons River,,,,,46.41914,62.42758,1,PE13-09-01-DAJ,DAJ,3,6,2021,5:58,5,58,1,14,0,0,SW,1,Y,,
PE,13,10,PE13-10,Johnstons River,,,,,46.41708,62.42673,1,PE13-10-01-DAJ,DAJ,3,6,2021,6:23,6,23,1,14,0,0,SW,0,Y,,
PE,13,01,PE13-01,Johnstons River,,,,,46.43118,62.42059,2,PE13-01-02-DAJ,DAJ,13,7,2021,9:15,9,15,0,14,0,0/1,S,0,Y,,
PE,13,02,PE13-02,Johnstons River,,,,,46.42938,62.41961,2,PE13-02-02-DAJ,DAJ,13,7,2021,8:55,8,55,0,12,0,0/1,S,0,Y,,
PE,13,03,PE13-03,Johnstons River,,,,,46.42709,62.41870,2,PE13-03-02-DAJ,DAJ,13,7,2021,7:41,7,41,0,10,0,0/1,S,0,Y,,
PE,13,04,PE13-04,Johnstons River,,,,,46.42732,62.42189,2,PE13-04-02-DAJ,DAJ,13,7,2021,8:00,8,0,0,11,0,0/1,S,0,Y,,
PE,13,05,PE13-05,Johnstons River,,,,,46.42963,62.42347,2,PE13-05-02-DAJ,DAJ,13,7,2021,8:30,8,30,0,11,0,0,S,0,Y,,
PE,13,06,PE13-06,Johnstons River,,,,,46.42793,62.42643,2,PE13-06-02-DAJ,DAJ,13,7,2021,7:20,7,20,1,10,0,0/1,S,1,Y,,
PE,13,07,PE13-07,Johnstons River,,,,,46.42397,62.42865,2,PE13-07-02-DAJ,DAJ,13,7,2021,5:37,5,37,0,8,0,1,S,0,Y,,
PE,13,08,PE13-08,Johnstons River,,,,,46.42105,62.43096,2,PE13-08-02-DAJ,DAJ,13,7,2021,6:00,6,0,0,0,0,0/1,S,0,Y,,
PE,13,09,PE13-09,Johnstons River,,,,,46.41914,62.42758,2,PE13-09-02-DAJ,DAJ,13,7,2021,6:20,6,20,0,8,0,0/1,S,0,Y,,
PE,13,10,PE13-10,Johnstons River,,,,,46.41708,62.42673,2,PE13-10-02-DAJ,DAJ,13,7,2021,6:45,6,45,1,9,0,0/1,S,0,Y,,
PE,03,01,PE03-01,Des Gros Marsh,,,,,46.25218,62.50419,1,PE03-01-01-DAJ,DAJ,2,6,2021,6:03,6,3,0,12,0,3,SW,0,Y,,
PE,03,02,PE03-02,Des Gros Marsh,,,,,46.25203,62.50784,1,PE03-02-01-DAJ,DAJ,2,6,2021,6:28,6,28,0,13,0,2,SW,0,Y,,
PE,03,03,PE03-03,Des Gros Marsh,,,,,46.25209,62.51110,1,PE03-03-01-DAJ,DAJ,2,6,2021,6:58,6,58,0,13,0,2,SW,0,Y,,
PE,03,04,PE03-04,Des Gros Marsh,,,,,46.25417,62.50877,1,PE03-04-01-DAJ,DAJ,2,6,2021,7:39,7,39,0,14,0,1,SW,1,Y,,
PE,03,05,PE03-05,Des Gros Marsh,,,,,46.23983,62.50910,1,PE03-05-01-DAJ,DAJ,2,6,2021,5:29,5,29,0,13,0,2,SW,0,Y,,
PE,03,06,PE03-06,Des Gros Marsh,,,,,46.24004,62.51417,1,PE03-06-01-DAJ,DAJ,2,6,2021,4:58,4,58,0,13,0,1,SW,1,Y,,
PE,03,01,PE03-01,Des Gros Marsh,,,,,46.25218,62.50419,2,PE03-01-02-DAJ,DAJ,8,7,2021,6:12,6,12,1,13,0,1,SW,2,Y,,
PE,03,02,PE03-02,Des Gros Marsh,,,,,46.25203,62.50784,2,PE03-02-02-DAJ,DAJ,8,7,2021,6:40,6,40,1,14,0,1,SW,0,Y,,
PE,03,03,PE03-03,Des Gros Marsh,,,,,46.25209,62.51110,2,PE03-03-02-DAJ,DAJ,8,7,2021,7:09,7,9,1,14,0,1,SW,0,Y,,
PE,03,04,PE03-04,Des Gros Marsh,,,,,46.25417,62.50877,2,PE03-04-02-DAJ,DAJ,8,7,2021,7:49,7,49,0,14,0,1,SW,0,Y,,
PE,03,05,PE03-05,Des Gros Marsh,,,,,46.23983,62.50910,2,PE03-05-02-DAJ,DAJ,8,7,2021,5:40,5,40,1,13,0,1,SW,1,Y,,
PE,03,06,PE03-06,Des Gros Marsh,,,,,46.24004,62.51417,2,PE03-06-02-DAJ,DAJ,8,7,2021,5:20,5,20,1,13,0,1,SW,1,Y,,
PE,11,01,PE11-01,Larkins Pond,,,,,46.43118,62.42059,1,PE11-01-01-DAJ,DAJ,10,6,2021,5:06,5,6,8,7,0,1,sw,0,y,eclipse at 6:30. Survey stopped due to wind/rain,
PE,11,02,PE11-02,Larkins Pond,,,,,46.42938,62.41961,1,PE11-02-01-DAJ,DAJ,10,6,2021,5:29,5,29,8,7,0,1,SW,0,Y,eclipse at 6:30. Survey stopped due to wind/rain,
PE,11,03,PE11-03,Larkins Pond,,,,,46.42709,62.41870,1,PE11-03-01-DAJ,DAJ,10,6,2021,5:48,5,48,8,8,0,1,SW,0,Y,eclipse at 6:30. Survey stopped due to wind/rain,
PE,11,04,PE11-04,Larkins Pond,,,,,46.42732,62.42189,1,PE11-04-01-DAJ,DAJ,10,6,2021,6:09,6,9,8,8,0,1,SW,0,Y,eclipse at 6:30. Survey stopped due to wind/rain,
PE,11,05,PE11-05,Larkins Pond,,,,,46.42963,62.42347,1,PE11-05-01-DAJ,DAJ,10,6,2021,6:30,6,30,9,8,0,1,SW,0,Y,eclipse at 6:30. Survey stopped due to wind/rain,
PE,11,06,PE11-06,Larkins Pond,,,,,46.42793,62.42643,1,PE11-06-01-DAJ,DAJ,17,6,2021,6:35,6,35,0,12,0,1,SW,1,Y,this point surveyed on separate day than first 5 points due to eclipse,
PE,11,07,PE11-07,Larkins Pond,,,,,46.42397,62.42865,1,PE11-07-01-DAJ,DAJ,17,6,2021,6:58,6,58,0,12,2,1,SW,0,Y,this point surveyed on separate day than first 5 points due to eclipse,
PE,11,08,PE11-08,Larkins Pond,,,,,46.42105,62.43096,1,PE11-08-01-DAJ,DAJ,17,6,2021,7:20,7,20,0,13,0,1,SW,0,Y,this point surveyed on separate day than first 5 points due to eclipse,
PE,11,09,PE11-09,Larkins Pond,,,,,46.41914,62.42758,1,PE11-09-01-DAJ,DAJ,17,6,2021,7:42,7,42,0,14,0,1,SW,0,Y,this point surveyed on separate day than first 5 points due to eclipse,
PE,11,10,PE11-10,Larkins Pond,,,,,46.41708,62.42673,1,PE11-10-01-DAJ,DAJ,17,6,2021,8:05,8,5,0,14,0,3,SW,0,Y,this point surveyed on separate day than first 5 points due to eclipse,
PE,11,01,PE11-01,Larkins Pond,,,,,46.43118,62.42059,2,PE11-01-02-DAJ,DAJ,14,7,2021,5:15,5,15,6,15,0,0/1,SW,0,Y,,
PE,11,02,PE11-02,Larkins Pond,,,,,46.42938,62.41961,2,PE11-02-02-DAJ,DAJ,14,7,2021,5:33,5,33,6,15,0,0/1,SW,0,Y,,
PE,11,03,PE11-03,Larkins Pond,,,,,46.42709,62.41870,2,PE11-03-02-DAJ,DAJ,14,7,2021,5:55,5,55,5,16,0,0/1,SW,0,Y,,
PE,11,04,PE11-04,Larkins Pond,,,,,46.42732,62.42189,2,PE11-04-02-DAJ,DAJ,14,7,2021,6:14,6,14,6,15,0,0/1,SW,0,Y,,
PE,11,05,PE11-05,Larkins Pond,,,,,46.42963,62.42347,2,PE11-05-02-DAJ,DAJ,14,7,2021,6:35,6,35,6,15,0,1,SW,0,Y,,
PE,11,06,PE11-06,Larkins Pond,,,,,46.42793,62.42643,2,PE11-06-02-DAJ,DAJ,14,7,2021,6:55,6,55,6,15,0,1,SW,1,Y,,
PE,11,07,PE11-07,Larkins Pond,,,,,46.42397,62.42865,2,PE11-07-02-DAJ,DAJ,14,7,2021,7:20,7,20,7,15,0,1,SW,0,Y,,
PE,10,05,PE10-05,Indian River,,,,,46.46285,63.66719,2,PE10-05-02-MAG,MAG,12,7,2021,6:54,6,54,2,18,0,3,N,1,Y,,
PE,10,06,PE10-06,Indian River,,,,,46.46527,63.66130,2,PE10-06-02-MAG,MAG,12,7,2021,7:22,7,22,3,18,0,2,N,1,Y,,
PE,10,07,PE10-07,Indian River,,,,,46.46540,63.66571,2,PE10-07-02-MAG,MAG,12,7,2021,7:47,7,47,5,18,0,2,N,1,Y,,
PE,11,08,PE11-08,Larkins Pond,,,,,46.42105,62.43096,2,PE11-08-02-DAJ,DAJ,14,7,2021,7:41,7,41,7,15,0,1,SW,0,Y,,
PE,11,09,PE11-09,Larkins Pond,,,,,46.41914,62.42758,2,PE11-09-02-DAJ,DAJ,14,7,2021,8:00,8,0,7,15,0,1,SW,0,Y,,
PE,11,10,PE11-10,Larkins Pond,,,,,46.41708,62.42673,2,PE11-10-02-DAJ,DAJ,14,7,2021,8:22,8,22,7,15,0,1,SW,0,Y,,
,,,,,,,,,,,,,,,,2021,,,,,,,,,,,,
,,,,,,,,,,,,,,,,2021,,,,,,,,,,,,
